{"name":"f0b11201-65af-4e70-8420-18204e635872","id":"/providers/Microsoft.Flow/flows/f0b11201-65af-4e70-8420-18204e635872","type":"Microsoft.Flow/flows","properties":{"apiId":"/providers/Microsoft.PowerApps/apis/shared_logicflows","displayName":"getLfLieferungen5","definition":{"metadata":{"workflowEntityId":null,"processAdvisorMetadata":null,"flowChargedByPaygo":null,"flowclientsuspensionreason":"None","flowclientsuspensiontime":null,"flowclientsuspensionreasondetails":null,"creator":{"id":"c460d924-e514-4ad6-8347-2f10db18a619","type":"User","tenantId":"9f1c8e82-c18c-47b7-8190-9078686422ad"},"provisioningMethod":"FromDefinition","failureAlertSubscription":true,"clientLastModifiedTime":"2024-02-07T09:18:08.7283202Z","connectionKeySavedTimeKey":"2024-02-07T09:08:29.3372871Z"},"$schema":"https://schema.management.azure.com/providers/Microsoft.Logic/schemas/2016-06-01/workflowdefinition.json#","contentVersion":"1.0.0.0","parameters":{"$authentication":{"defaultValue":{},"type":"SecureObject"}},"triggers":{"manual":{"metadata":{"operationMetadataId":"84a5e6cc-1512-46fa-a7b4-e6eac8f9a5f2"},"type":"Request","kind":"PowerApp","inputs":{"schema":{"type":"object","properties":{"SID_Wert":{"type":"string","description":"Anfangswert eingeben","x-ms-powerflows-param-ispartial":false},"URL_Wert":{"type":"string","description":"Anfangswert eingeben","x-ms-powerflows-param-ispartial":false},"EMail_Wert":{"type":"string","description":"Anfangswert eingeben","x-ms-powerflows-param-ispartial":false},"Funktion_Wert":{"type":"string","description":"Anfangswert eingeben","x-ms-powerflows-param-ispartial":false},"ParameterJSON_Wert":{"type":"string","description":"Anfangswert eingeben","x-ms-powerflows-param-ispartial":false}},"required":["SID_Wert","URL_Wert","EMail_Wert","Funktion_Wert","ParameterJSON_Wert"]}}}},"actions":{"SID":{"runAfter":{},"metadata":{"operationMetadataId":"4163eecd-9c25-420f-8411-bcefe1201681"},"type":"InitializeVariable","inputs":{"variables":[{"name":"SID","type":"string","value":"@{triggerBody()['SID_Wert']}"}]}},"HTTP":{"runAfter":{"ParameterJSON":["Succeeded"]},"metadata":{"operationMetadataId":"b66f4fbf-30a5-4347-95e4-6deb1503243b"},"type":"Http","inputs":{"method":"POST","uri":"@{variables('URL')}&PRGNAME=requesterSFMobile&ARGUMENTS=-A@{variables('SID')},-A@{variables('BenutzerEMail')},-A@{variables('Funktion')}","body":"@variables('ParameterJSON')"}},"Antwort":{"runAfter":{"Auswählen":["Succeeded"]},"metadata":{"operationMetadataId":"88152cef-63aa-4840-8507-7f5b5ad49514"},"type":"Response","kind":"Http","inputs":{"statusCode":200,"body":"@body('Auswählen')","schema":{"type":"array","items":{"type":"object","properties":{"BestellNr":{"type":"number"},"Bestelldatum":{"type":"string"},"LieferantenNr":{"type":"number"},"Lieferant":{"type":"string"},"Bestellposition":{"type":"integer"},"ArtikelNr":{"type":"string"},"Restmenge":{"type":"number"},"Artikel":{"type":"string"},"EAN":{"type":"string"},"Liefermenge":{"type":"number"},"LieferscheinNr":{"type":"string"},"Lieferdatum":{"type":"string"},"Bedarf":{"type":"string"},"AuftragNr":{"type":"number"},"BedarfTyp":{"type":"string"},"PreisproEinheit":{"type":"number"},"Rabatt":{"type":"number"},"Preis":{"type":"number"},"Nettopreis":{"type":"number"},"Rechnungsmenge":{"type":"number"},"RechnungNr":{"type":"string"},"Rechnungsdatum":{"type":"string"},"Nettosumme":{"type":"number"},"Mehrwertsteuer":{"type":"number"},"Versandkosten":{"type":"number"},"Verpackungskosten":{"type":"number"},"sonstigeKosten":{"type":"number"},"SteuerProzent":{"type":"number"},"Steuerbetrag":{"type":"number"},"freigegeben":{"type":"boolean"},"VkPreisNetto":{"type":"number"},"VkPreisBrutto":{"type":"number"},"VkPreisAnpassung":{"type":"boolean"}}}}}},"JSON_analysieren":{"runAfter":{"HTTP":["Succeeded"]},"metadata":{"operationMetadataId":"c91e1132-d8de-4b86-b009-3c2311312a14"},"type":"ParseJson","inputs":{"content":"@body('HTTP')","schema":{"type":"array","items":{"type":"object","properties":{"BestellNr":{"type":["number","null"]},"Bestelldatum":{"type":["string","null"]},"LieferantenNr":{"type":["number","null"]},"Lieferant":{"type":["string","null"]},"Bestellposition":{"type":["integer","null"]},"ArtikelNr":{"type":["string","null"]},"Restmenge":{"type":["number","null"]},"Artikel":{"type":["string","null"]},"EAN":{"type":["string","null"]},"Liefermenge":{"type":["number","null"]},"LieferscheinNr":{"type":["string","null"]},"Lieferdatum":{"type":["string","null"]},"Bedarf":{"type":["string","null"]},"AuftragNr":{"type":["number","null"]},"BedarfTyp":{"type":["string","null"]},"PreisproEinheit":{"type":["number","null"]},"Rabatt":{"type":["number","null"]},"Preis":{"type":["number","null"]},"Nettopreis":{"type":["number","null"]},"Rechnungsmenge":{"type":["number","null"]},"RechnungNr":{"type":["string","null"]},"Rechnungsdatum":{"type":["string","null"]},"Nettosumme":{"type":["number","null"]},"Mehrwertsteuer":{"type":["number","null"]},"Versandkosten":{"type":["number","null"]},"Verpackungskosten":{"type":["number","null"]},"sonstigeKosten":{"type":["number","null"]},"SteuerProzent":{"type":["number","null"]},"Steuerbetrag":{"type":["number","null"]},"freigegeben":{"type":"boolean"},"VkPreisNetto":{"type":["number","null"]},"VkPreisBrutto":{"type":["number","null"]},"VkPreisAnpassung":{"type":"boolean"}}}}}},"Auswählen":{"runAfter":{"JSON_analysieren":["Succeeded"]},"metadata":{"operationMetadataId":"301a3f76-37b0-4386-b388-8c3c72faaf30"},"type":"Select","inputs":{"from":"@body('JSON_analysieren')","select":{"BestellNr":"@item()?['BestellNr']","LieferantenNr":"@item()?['LieferantenNr']","Restmenge":"@item()?['Restmenge']","Liefermenge":"@item()?['Liefermenge']","AuftragNr":"@item()?['AuftragNr']","PreisproEinheit":"@item()?['PreisproEinheit']","Rabatt":"@item()?['Rabatt']","Preis":"@item()?['Preis']","Nettopreis":"@item()?['Nettopreis']","Bestelldatum":"@item()?['Bestelldatum']","Lieferant":"@item()?['Lieferant']","Bestellposition":"@item()?['Bestellposition']","ArtikelNr":"@item()?['ArtikelNr']","Artikel":"@item()?['Artikel']","EAN":"@item()?['EAN']","LieferscheinNr":"@item()?['LieferscheinNr']","Lieferdatum":"@item()?['Lieferdatum']","Bedarf":"@item()?['Bedarf']","BedarfTyp":"@item()?['BedarfTyp']","Rechnungsmenge":"@item()?['Rechnungsmenge']","RechnungNr":"@item()?['RechnungNr']","Rechnungsdatum":"@item()?['Rechnungsdatum']","Nettosumme":"@item()?['Nettosumme']","Mehrwertsteuer":"@item()?['Mehrwertsteuer']","Versandkosten":"@item()?['Versandkosten']","Verpackungskosten":"@item()?['Verpackungskosten']","sonstigeKosten":"@item()?['sonstigeKosten']","SteuerProzent":"@item()?['SteuerProzent']","Steuerbetrag":"@item()?['Steuerbetrag']","freigegeben":"@item()?['freigegeben']","VkPreisNetto":"@item()?['VkPreisNetto']","VkPreisBrutto":"@item()?['VkPreisBrutto']","VkPreisAnpassung":"@item()?['VkPreisAnpassung']"}}},"URL":{"runAfter":{"SID":["Succeeded"]},"metadata":{"operationMetadataId":"d78fbe72-ab43-495e-a4ad-b89114908a7d"},"type":"InitializeVariable","inputs":{"variables":[{"name":"URL","type":"string","value":"@{triggerBody()['URL_Wert']}"}]}},"EMail":{"runAfter":{"URL":["Succeeded"]},"metadata":{"operationMetadataId":"571a60b3-f089-49dc-9326-c928917cc3d2"},"type":"InitializeVariable","inputs":{"variables":[{"name":"BenutzerEMail","type":"string","value":"@{triggerBody()['EMail_Wert']}"}]}},"ParameterJSON":{"runAfter":{"Funktion":["Succeeded"]},"metadata":{"operationMetadataId":"431dc959-c03d-4ef1-bc0e-db2f9e559d36"},"type":"InitializeVariable","inputs":{"variables":[{"name":"ParameterJSON","type":"string","value":"@{triggerBody()['ParameterJSON_Wert']}"}]}},"Funktion":{"runAfter":{"EMail":["Succeeded"]},"metadata":{"operationMetadataId":"617002d5-a01a-4b51-ae83-08cb4585bee0"},"type":"InitializeVariable","inputs":{"variables":[{"name":"Funktion","type":"string","value":"@{triggerBody()['Funktion_Wert']}"}]}}}},"connectionReferences":{},"flowFailureAlertSubscribed":false,"isManaged":false}}