{"name":"752a5732-80b5-4ba3-af7a-cd46d77807bc","id":"/providers/Microsoft.Flow/flows/752a5732-80b5-4ba3-af7a-cd46d77807bc","type":"Microsoft.Flow/flows","properties":{"apiId":"/providers/Microsoft.PowerApps/apis/shared_logicflows","displayName":"getTickets4","definition":{"metadata":{"workflowEntityId":null,"processAdvisorMetadata":null,"flowChargedByPaygo":null,"flowclientsuspensionreason":"None","flowclientsuspensiontime":null,"flowclientsuspensionreasondetails":null,"creator":{"id":"c460d924-e514-4ad6-8347-2f10db18a619","type":"User","tenantId":"9f1c8e82-c18c-47b7-8190-9078686422ad"},"provisioningMethod":"FromDefinition","failureAlertSubscription":true,"clientLastModifiedTime":"2023-09-29T10:23:03.7974413Z"},"$schema":"https://schema.management.azure.com/providers/Microsoft.Logic/schemas/2016-06-01/workflowdefinition.json#","contentVersion":"1.0.0.0","parameters":{"$authentication":{"defaultValue":{},"type":"SecureObject"}},"triggers":{"manual":{"metadata":{"operationMetadataId":"84a5e6cc-1512-46fa-a7b4-e6eac8f9a5f2"},"type":"Request","kind":"PowerApp","inputs":{"schema":{"type":"object","properties":{"SID_Wert":{"type":"string","description":"Anfangswert eingeben","x-ms-powerflows-param-ispartial":false},"URL_Wert":{"type":"string","description":"Anfangswert eingeben","x-ms-powerflows-param-ispartial":false},"EMail_Wert":{"type":"string","description":"Anfangswert eingeben","x-ms-powerflows-param-ispartial":false},"Funktion_Wert":{"type":"string","description":"Anfangswert eingeben","x-ms-powerflows-param-ispartial":false},"ParameterJSON_Wert":{"type":"string","description":"Anfangswert eingeben","x-ms-powerflows-param-ispartial":false}},"required":["SID_Wert","URL_Wert","EMail_Wert","Funktion_Wert","ParameterJSON_Wert"]}}}},"actions":{"SID":{"runAfter":{},"metadata":{"operationMetadataId":"4163eecd-9c25-420f-8411-bcefe1201681"},"type":"InitializeVariable","inputs":{"variables":[{"name":"SID","type":"string","value":"@{triggerBody()['SID_Wert']}"}]}},"HTTP":{"runAfter":{"ParameterJSON":["Succeeded"]},"metadata":{"operationMetadataId":"b66f4fbf-30a5-4347-95e4-6deb1503243b"},"type":"Http","inputs":{"method":"POST","uri":"@{variables('URL')}&PRGNAME=requesterSFMobile&ARGUMENTS=-A@{variables('SID')},-A@{variables('BenutzerEMail')},-A@{variables('Funktion')}","body":"@variables('ParameterJSON')"}},"Antwort":{"runAfter":{"Auswählen":["Succeeded"]},"metadata":{"operationMetadataId":"88152cef-63aa-4840-8507-7f5b5ad49514"},"type":"Response","kind":"Http","inputs":{"statusCode":200,"body":"@body('Auswählen')","schema":{"type":"array","items":{"type":"object","properties":{"TicketNr":{"type":"integer"},"Stichwort":{"type":"string"},"Kunde":{"type":"string"},"Warteraum":{"type":"string"},"WarteraumNr":{"type":"integer"},"aktDatum":{"type":"string"},"aktZeit":{"type":"string"},"Prioritaet":{"type":"integer"},"RestzeitMinuten":{"type":"integer"},"Fehlermeldung":{"type":"string"},"Behebung":{"type":"string"},"KundenNr":{"type":"integer"},"IDNR":{"type":"integer"},"SNR":{"type":"string"},"Vertragsart":{"type":"string"},"Vertragsbereich":{"type":"string"},"Vertragsnummer":{"type":"string"},"Restkontingent":{"type":"number"}}}}}},"JSON_analysieren":{"runAfter":{"HTTP":["Succeeded"]},"metadata":{"operationMetadataId":"c91e1132-d8de-4b86-b009-3c2311312a14"},"type":"ParseJson","inputs":{"content":"@body('HTTP')","schema":{"type":"array","items":{"type":"object","properties":{"TicketNr":{"type":["integer","null"]},"Stichwort":{"type":["string","null"]},"Kunde":{"type":["string","null"]},"Warteraum":{"type":["string","null"]},"WarteraumNr":{"type":["integer","null"]},"aktDatum":{"type":["string","null"]},"aktZeit":{"type":["string","null"]},"Prioritaet":{"type":["integer","null"]},"RestzeitMinuten":{"type":["integer","null"]},"Fehlermeldung":{"type":["string","null"]},"Behebung":{"type":["string","null"]},"KundenNr":{"type":["integer","null"]},"IDNR":{"type":["integer","null"]},"SNR":{"type":["string","null"]},"Vertragsart":{"type":["string","null"]},"Vertragsbereich":{"type":["string","null"]},"Vertragsnummer":{"type":["string","null"]},"Restkontingent":{"type":["number","null"]}}}}}},"Auswählen":{"runAfter":{"JSON_analysieren":["Succeeded"]},"metadata":{"operationMetadataId":"301a3f76-37b0-4386-b388-8c3c72faaf30"},"type":"Select","inputs":{"from":"@body('JSON_analysieren')","select":{"TicketNr":"@item()?['TicketNr']","Stichwort":"@item()?['Stichwort']","Kunde":"@item()?['Kunde']","Warteraum":"@item()?['Warteraum']","WarteraumNr":"@item()?['WarteraumNr']","Prioritaet":"@item()?['Prioritaet']","RestzeitMinuten":"@item()?['RestzeitMinuten']","KundenNr":"@item()?['KundenNr']","IDNR":"@item()?['IDNR']","SNR":"@item()?['SNR']","aktDatum":"@item()?['aktDatum']","aktZeit":"@item()?['aktZeit']","Fehlermeldung":"@item()?['Fehlermeldung']","Behebung":"@item()?['Behebung']","Vertragsart":"@item()?['Vertragsart']","Vertragsbereich":"@item()?['Vertragsbereich']","Vertragsnummer":"@item()?['Vertragsnummer']","Restkontingent":"@item()?['Restkontingent']"}}},"URL":{"runAfter":{"SID":["Succeeded"]},"metadata":{"operationMetadataId":"d78fbe72-ab43-495e-a4ad-b89114908a7d"},"type":"InitializeVariable","inputs":{"variables":[{"name":"URL","type":"string","value":"@{triggerBody()['URL_Wert']}"}]}},"EMail":{"runAfter":{"URL":["Succeeded"]},"metadata":{"operationMetadataId":"571a60b3-f089-49dc-9326-c928917cc3d2"},"type":"InitializeVariable","inputs":{"variables":[{"name":"BenutzerEMail","type":"string","value":"@{triggerBody()['EMail_Wert']}"}]}},"ParameterJSON":{"runAfter":{"Funktion":["Succeeded"]},"metadata":{"operationMetadataId":"431dc959-c03d-4ef1-bc0e-db2f9e559d36"},"type":"InitializeVariable","inputs":{"variables":[{"name":"ParameterJSON","type":"string","value":"@{triggerBody()['ParameterJSON_Wert']}"}]}},"Funktion":{"runAfter":{"EMail":["Succeeded"]},"metadata":{"operationMetadataId":"617002d5-a01a-4b51-ae83-08cb4585bee0"},"type":"InitializeVariable","inputs":{"variables":[{"name":"Funktion","type":"string","value":"@{triggerBody()['Funktion_Wert']}"}]}}}},"connectionReferences":{},"flowFailureAlertSubscribed":false,"isManaged":false}}