{"schemaVersion":"1.0","appDefinitionTemplate":{"id":"/providers/Microsoft.PowerApps/apps/","type":"Microsoft.PowerApps/apps","tags":{"primaryDeviceWidth":"1024","primaryDeviceHeight":"600","supportsPortrait":"false","supportsLandscape":"true","primaryFormFactor":"Tablet","publisherVersion":"3.23093.15","minimumRequiredApiVersion":"2.2.0","hasComponent":"false","hasUnlockedComponent":"false","isUnifiedRootApp":"false","sienaVersion":"20231006T154520Z-3.23093.15.0","showStatusBar":"false"},"properties":{"appVersion":"2023-10-06T15:45:20Z","lifeCycleId":"Published","createdByClientVersion":{"major":3,"minor":23093,"build":15,"revision":0,"majorRevision":0,"minorRevision":0},"minClientVersion":{"major":3,"minor":23093,"build":15,"revision":0,"majorRevision":0,"minorRevision":0},"backgroundColor":"rgba(255, 255, 255, 1)","backgroundImageUri":"/11700381778887109131/N5ddfee08-2320-43c7-979a-3de0e53c4e98-logoSmallFile","displayName":"SFMobile4","description":"Neue Funktion: Adressen und IDNR anzeigen und Ticket erstellen\n\nNeue Version mit Wareneingang, Hotlinezeiten und Hotline Bearbeitung. Update für SuccessFlow und Einstellungen im \"SFMobile Steuerfile\" notwendig.","commitMessage":"","appUris":{"documentUri":{"value":"/11700381778887109131/N1c980b95-b6ea-45d6-acaf-9118f978fb26-document.msapp"},"imageUris":[],"additionalUris":[]},"createdTime":"0001-01-01T00:00:00Z","lastModifiedTime":"0001-01-01T00:00:00Z","sharedGroupsCount":0,"sharedUsersCount":0,"connectionReferences":{"08687968-4757-49d3-89ee-d13a2a33bdd1":{"id":"32162ee5-2bee-4e4a-9c73-4ebee83addc9","displayName":"Logik-Flows","iconUri":"https://connectoricons-prod.azureedge.net/releases/v1.0.1653/1.0.1653.3403/logicflows/icon.png","dataSources":["getTagesStatistik"],"dependencies":[],"dependents":[],"parameterHints":{"workflowName":{"value":"1b797938-d064-4024-a05c-9d6e16b92c8c"},"workflowEntityId":{}},"parameterHintsV2":{"workflowName":{"value":"1b797938-d064-4024-a05c-9d6e16b92c8c"},"workflowEntityId":{}},"isOnPremiseConnection":false,"bypassConsent":false,"dataSets":{},"apiTier":"Standard","isCustomApiConnection":false,"actions":["Run"]},"0175def3-fbbc-498f-aaf8-52ebd8b88010":{"id":"32162ee5-2bee-4e4a-9c73-4ebee83addc9","displayName":"Logik-Flows","iconUri":"https://connectoricons-prod.azureedge.net/releases/v1.0.1653/1.0.1653.3403/logicflows/icon.png","dataSources":["getServerURL"],"dependencies":[],"dependents":[],"parameterHints":{"workflowName":{"value":"3c5ef892-9c7c-4271-9c77-8059d9a5ef58"},"workflowEntityId":{}},"parameterHintsV2":{"workflowName":{"value":"3c5ef892-9c7c-4271-9c77-8059d9a5ef58"},"workflowEntityId":{}},"isOnPremiseConnection":false,"bypassConsent":false,"dataSets":{},"apiTier":"Standard","isCustomApiConnection":false,"actions":["Run"]},"d08f365e-7ba2-4721-a89a-a64096a18761":{"id":"32162ee5-2bee-4e4a-9c73-4ebee83addc9","displayName":"Logik-Flows","iconUri":"https://connectoricons-prod.azureedge.net/releases/v1.0.1653/1.0.1653.3403/logicflows/icon.png","dataSources":["getSIDSFMobile"],"dependencies":[],"dependents":[],"parameterHints":{"workflowName":{"value":"9adff4ae-e84c-41f2-ae80-6d8ba1347278"},"workflowEntityId":{}},"parameterHintsV2":{"workflowName":{"value":"9adff4ae-e84c-41f2-ae80-6d8ba1347278"},"workflowEntityId":{}},"isOnPremiseConnection":false,"bypassConsent":false,"dataSets":{},"apiTier":"Standard","isCustomApiConnection":false,"actions":["Run"]},"b0fa9e54-fedd-4bdc-b5fa-e191e61db086":{"id":"32162ee5-2bee-4e4a-9c73-4ebee83addc9","displayName":"Logik-Flows","iconUri":"https://connectoricons-prod.azureedge.net/releases/v1.0.1653/1.0.1653.3403/logicflows/icon.png","dataSources":["getServiceauftrag"],"dependencies":[],"dependents":[],"parameterHints":{"workflowName":{"value":"2cab4779-e2b4-4da6-b779-847841bb9b7f"},"workflowEntityId":{}},"parameterHintsV2":{"workflowName":{"value":"2cab4779-e2b4-4da6-b779-847841bb9b7f"},"workflowEntityId":{}},"isOnPremiseConnection":false,"bypassConsent":false,"dataSets":{},"apiTier":"Standard","isCustomApiConnection":false,"actions":["Run"]},"8b60fd9f-06f3-4e5e-b42c-2cd0ae80669c":{"id":"32162ee5-2bee-4e4a-9c73-4ebee83addc9","displayName":"Logik-Flows","iconUri":"https://connectoricons-prod.azureedge.net/releases/v1.0.1653/1.0.1653.3403/logicflows/icon.png","dataSources":["getUnternehmen"],"dependencies":[],"dependents":[],"parameterHints":{"workflowName":{"value":"a3b178a8-5fcb-4020-a19b-ea16d2fd63cc"},"workflowEntityId":{}},"parameterHintsV2":{"workflowName":{"value":"a3b178a8-5fcb-4020-a19b-ea16d2fd63cc"},"workflowEntityId":{}},"isOnPremiseConnection":false,"bypassConsent":false,"dataSets":{},"apiTier":"Standard","isCustomApiConnection":false,"actions":["Run"]},"70725c30-9775-454d-8de7-7e3dfcb59812":{"id":"32162ee5-2bee-4e4a-9c73-4ebee83addc9","displayName":"Logik-Flows","iconUri":"https://connectoricons-prod.azureedge.net/releases/v1.0.1653/1.0.1653.3403/logicflows/icon.png","dataSources":["getaktServiceauftrag"],"dependencies":[],"dependents":[],"parameterHints":{"workflowName":{"value":"a1141fcd-02d4-4112-9205-2d706be25f4d"},"workflowEntityId":{}},"parameterHintsV2":{"workflowName":{"value":"a1141fcd-02d4-4112-9205-2d706be25f4d"},"workflowEntityId":{}},"isOnPremiseConnection":false,"bypassConsent":false,"dataSets":{},"apiTier":"Standard","isCustomApiConnection":false,"actions":["Run"]},"5d4635dd-b175-4ba3-af32-6de2dbf53b85":{"id":"32162ee5-2bee-4e4a-9c73-4ebee83addc9","displayName":"Logik-Flows","iconUri":"https://connectoricons-prod.azureedge.net/releases/v1.0.1653/1.0.1653.3403/logicflows/icon.png","dataSources":["setServiceauftragZeit"],"dependencies":[],"dependents":[],"parameterHints":{"workflowName":{"value":"74f04159-f98c-4237-829d-7416f2faf9ee"},"workflowEntityId":{}},"parameterHintsV2":{"workflowName":{"value":"74f04159-f98c-4237-829d-7416f2faf9ee"},"workflowEntityId":{}},"isOnPremiseConnection":false,"bypassConsent":false,"dataSets":{},"apiTier":"Standard","isCustomApiConnection":false,"actions":["Run"]},"d48e8b2d-8d30-4dbe-9b9c-ef4d081d9964":{"id":"32162ee5-2bee-4e4a-9c73-4ebee83addc9","displayName":"Logik-Flows","iconUri":"https://connectoricons-prod.azureedge.net/releases/v1.0.1653/1.0.1653.3403/logicflows/icon.png","dataSources":["setTageszeit"],"dependencies":[],"dependents":[],"parameterHints":{"workflowName":{"value":"9ac874a4-2215-4238-86e9-348b2f50b2e7"},"workflowEntityId":{}},"parameterHintsV2":{"workflowName":{"value":"9ac874a4-2215-4238-86e9-348b2f50b2e7"},"workflowEntityId":{}},"isOnPremiseConnection":false,"bypassConsent":false,"dataSets":{},"apiTier":"Standard","isCustomApiConnection":false,"actions":["Run"]},"9688a721-13f7-4a3a-b29e-65c88723fa19":{"id":"32162ee5-2bee-4e4a-9c73-4ebee83addc9","displayName":"Logik-Flows","iconUri":"https://connectoricons-prod.azureedge.net/releases/v1.0.1653/1.0.1653.3403/logicflows/icon.png","dataSources":["setManuelleZeit"],"dependencies":[],"dependents":[],"parameterHints":{"workflowName":{"value":"3730b587-2de7-4785-8c20-c268716cfd2e"},"workflowEntityId":{}},"parameterHintsV2":{"workflowName":{"value":"3730b587-2de7-4785-8c20-c268716cfd2e"},"workflowEntityId":{}},"isOnPremiseConnection":false,"bypassConsent":false,"dataSets":{},"apiTier":"Standard","isCustomApiConnection":false,"actions":["Run"]},"bbcbbb45-7e94-4571-829f-138809ce4d11":{"id":"32162ee5-2bee-4e4a-9c73-4ebee83addc9","displayName":"Logik-Flows","iconUri":"https://connectoricons-prod.azureedge.net/releases/v1.0.1653/1.0.1653.3403/logicflows/icon.png","dataSources":["setAuftragbeenden"],"dependencies":[],"dependents":[],"parameterHints":{"workflowName":{"value":"a1776d7e-7fa2-4555-8e76-7e5cb024ee76"},"workflowEntityId":{}},"parameterHintsV2":{"workflowName":{"value":"a1776d7e-7fa2-4555-8e76-7e5cb024ee76"},"workflowEntityId":{}},"isOnPremiseConnection":false,"bypassConsent":false,"dataSets":{},"apiTier":"Standard","isCustomApiConnection":false,"actions":["Run"]},"93d86f67-062c-424f-9b15-8ab974e9a2fe":{"id":"32162ee5-2bee-4e4a-9c73-4ebee83addc9","displayName":"Logik-Flows","iconUri":"https://connectoricons-prod.azureedge.net/releases/v1.0.1653/1.0.1653.3403/logicflows/icon.png","dataSources":["getPausen"],"dependencies":[],"dependents":[],"parameterHints":{"workflowName":{"value":"62bdb2ba-0675-439c-8b42-47e7f54e36cb"},"workflowEntityId":{}},"parameterHintsV2":{"workflowName":{"value":"62bdb2ba-0675-439c-8b42-47e7f54e36cb"},"workflowEntityId":{}},"isOnPremiseConnection":false,"bypassConsent":false,"dataSets":{},"apiTier":"Standard","isCustomApiConnection":false,"actions":["Run"]},"ae66f059-5587-4bfe-b1b9-938536a95e80":{"id":"32162ee5-2bee-4e4a-9c73-4ebee83addc9","displayName":"Logik-Flows","iconUri":"https://connectoricons-prod.azureedge.net/releases/v1.0.1653/1.0.1653.3403/logicflows/icon.png","dataSources":["getPositionen"],"dependencies":[],"dependents":[],"parameterHints":{"workflowName":{"value":"f25da40a-7631-431b-89b8-dcd248499777"},"workflowEntityId":{}},"parameterHintsV2":{"workflowName":{"value":"f25da40a-7631-431b-89b8-dcd248499777"},"workflowEntityId":{}},"isOnPremiseConnection":false,"bypassConsent":false,"dataSets":{},"apiTier":"Standard","isCustomApiConnection":false,"actions":["Run"]},"2794e875-eba9-444f-8af5-c7235b40bf13":{"id":"32162ee5-2bee-4e4a-9c73-4ebee83addc9","displayName":"Logik-Flows","iconUri":"https://connectoricons-prod.azureedge.net/releases/v1.0.1653/1.0.1653.3403/logicflows/icon.png","dataSources":["createPosition"],"dependencies":[],"dependents":[],"parameterHints":{"workflowName":{"value":"90c0054a-1d1a-4fea-af9b-7e798cfbf3c2"},"workflowEntityId":{}},"parameterHintsV2":{"workflowName":{"value":"90c0054a-1d1a-4fea-af9b-7e798cfbf3c2"},"workflowEntityId":{}},"isOnPremiseConnection":false,"bypassConsent":false,"dataSets":{},"apiTier":"Standard","isCustomApiConnection":false,"actions":["Run"]},"c20325be-e060-4927-9e58-e2c6450b3f8f":{"id":"32162ee5-2bee-4e4a-9c73-4ebee83addc9","displayName":"Logik-Flows","iconUri":"https://connectoricons-prod.azureedge.net/releases/v1.0.1653/1.0.1653.3403/logicflows/icon.png","dataSources":["modTageszeit"],"dependencies":[],"dependents":[],"parameterHints":{"workflowName":{"value":"1663fa98-49ad-4c58-9ccb-c623ca18673f"},"workflowEntityId":{}},"parameterHintsV2":{"workflowName":{"value":"1663fa98-49ad-4c58-9ccb-c623ca18673f"},"workflowEntityId":{}},"isOnPremiseConnection":false,"bypassConsent":false,"dataSets":{},"apiTier":"Standard","isCustomApiConnection":false,"actions":["Run"]},"b02e433d-e864-42e2-854d-6a6037434f46":{"id":"32162ee5-2bee-4e4a-9c73-4ebee83addc9","displayName":"Logik-Flows","iconUri":"https://connectoricons-prod.azureedge.net/releases/v1.0.1653/1.0.1653.3403/logicflows/icon.png","dataSources":["getTagesDiagramm"],"dependencies":[],"dependents":[],"parameterHints":{"workflowName":{"value":"a069f62d-c65f-49b1-84a3-f962442db6b0"},"workflowEntityId":{}},"parameterHintsV2":{"workflowName":{"value":"a069f62d-c65f-49b1-84a3-f962442db6b0"},"workflowEntityId":{}},"isOnPremiseConnection":false,"bypassConsent":false,"dataSets":{},"apiTier":"Standard","isCustomApiConnection":false,"actions":["Run"]},"371abe8a-b974-4391-8557-29845c3f53cc":{"id":"32162ee5-2bee-4e4a-9c73-4ebee83addc9","displayName":"Logik-Flows","iconUri":"https://connectoricons-prod.azureedge.net/releases/v1.0.1653/1.0.1653.3403/logicflows/icon.png","dataSources":["modPosition2"],"dependencies":[],"dependents":[],"parameterHints":{"workflowName":{"value":"5f166123-13c0-4ab9-afdc-037202cb128d"},"workflowEntityId":{}},"parameterHintsV2":{"workflowName":{"value":"5f166123-13c0-4ab9-afdc-037202cb128d"},"workflowEntityId":{}},"isOnPremiseConnection":false,"bypassConsent":false,"dataSets":{},"apiTier":"Standard","isCustomApiConnection":false,"actions":["Run"]},"37ea907e-2baf-4977-81f1-b6a61628e1c4":{"id":"32162ee5-2bee-4e4a-9c73-4ebee83addc9","displayName":"Logik-Flows","iconUri":"https://connectoricons-prod.azureedge.net/releases/v1.0.1653/1.0.1653.3403/logicflows/icon.png","dataSources":["getTechniker"],"dependencies":[],"dependents":[],"parameterHints":{"workflowName":{"value":"38b37c64-c090-4431-becf-3c4d58b25396"},"workflowEntityId":{}},"parameterHintsV2":{"workflowName":{"value":"38b37c64-c090-4431-becf-3c4d58b25396"},"workflowEntityId":{}},"isOnPremiseConnection":false,"bypassConsent":false,"dataSets":{},"apiTier":"Standard","isCustomApiConnection":false,"actions":["Run"]},"4b27045a-4cf1-413a-bde9-39ff7be0c46a":{"id":"32162ee5-2bee-4e4a-9c73-4ebee83addc9","displayName":"Logik-Flows","iconUri":"https://connectoricons-prod.azureedge.net/releases/v1.0.1653/1.0.1653.3403/logicflows/icon.png","dataSources":["getBestand"],"dependencies":[],"dependents":[],"parameterHints":{"workflowName":{"value":"ed69f2ad-bb2a-40ae-8470-596a05fc31a0"},"workflowEntityId":{}},"parameterHintsV2":{"workflowName":{"value":"ed69f2ad-bb2a-40ae-8470-596a05fc31a0"},"workflowEntityId":{}},"isOnPremiseConnection":false,"bypassConsent":false,"dataSets":{},"apiTier":"Standard","isCustomApiConnection":false,"actions":["Run"]},"cf6f543e-6306-4634-a26b-d176e798037f":{"id":"32162ee5-2bee-4e4a-9c73-4ebee83addc9","displayName":"Logik-Flows","iconUri":"https://connectoricons-prod.azureedge.net/releases/v1.0.1653/1.0.1653.3403/logicflows/icon.png","dataSources":["setBehebung"],"dependencies":[],"dependents":[],"parameterHints":{"workflowName":{"value":"c68f0e67-2f4a-42a6-8c23-9506dc74d332"},"workflowEntityId":{}},"parameterHintsV2":{"workflowName":{"value":"c68f0e67-2f4a-42a6-8c23-9506dc74d332"},"workflowEntityId":{}},"isOnPremiseConnection":false,"bypassConsent":false,"dataSets":{},"apiTier":"Standard","isCustomApiConnection":false,"actions":["Run"]},"9c70d84d-69ca-4469-8bb1-3d6cb8e68eeb":{"id":"32162ee5-2bee-4e4a-9c73-4ebee83addc9","displayName":"Logik-Flows","iconUri":"https://connectoricons-prod.azureedge.net/releases/v1.0.1653/1.0.1653.3403/logicflows/icon.png","dataSources":["getServiceauftrag3"],"dependencies":[],"dependents":[],"parameterHints":{"workflowName":{"value":"fead66fe-60da-4d82-bdbf-c71623019ed0"},"workflowEntityId":{}},"parameterHintsV2":{"workflowName":{"value":"fead66fe-60da-4d82-bdbf-c71623019ed0"},"workflowEntityId":{}},"isOnPremiseConnection":false,"bypassConsent":false,"dataSets":{},"apiTier":"Standard","isCustomApiConnection":false,"actions":["Run"]},"c9f1b9ef-1ddc-4401-8dfd-f0c6dddfa6fc":{"id":"32162ee5-2bee-4e4a-9c73-4ebee83addc9","displayName":"Logik-Flows","iconUri":"https://connectoricons-prod.azureedge.net/releases/v1.0.1653/1.0.1653.3403/logicflows/icon.png","dataSources":["getAuftragszeiten"],"dependencies":[],"dependents":[],"parameterHints":{"workflowName":{"value":"a7584645-3025-4df2-bb2b-423b16b86213"},"workflowEntityId":{}},"parameterHintsV2":{"workflowName":{"value":"a7584645-3025-4df2-bb2b-423b16b86213"},"workflowEntityId":{}},"isOnPremiseConnection":false,"bypassConsent":false,"dataSets":{},"apiTier":"Standard","isCustomApiConnection":false,"actions":["Run"]},"d3c67032-ee42-484d-a9f5-42b20a12f478":{"id":"32162ee5-2bee-4e4a-9c73-4ebee83addc9","displayName":"Logik-Flows","iconUri":"https://connectoricons-prod.azureedge.net/releases/v1.0.1653/1.0.1653.3403/logicflows/icon.png","dataSources":["setMailsenden"],"dependencies":[],"dependents":[],"parameterHints":{"workflowName":{"value":"d1e7451a-f123-4ab6-9c19-1308fd472bd7"},"workflowEntityId":{}},"parameterHintsV2":{"workflowName":{"value":"d1e7451a-f123-4ab6-9c19-1308fd472bd7"},"workflowEntityId":{}},"isOnPremiseConnection":false,"bypassConsent":false,"dataSets":{},"apiTier":"Standard","isCustomApiConnection":false,"actions":["Run"]},"9b3c4ae1-115f-4b77-946d-16f309574d74":{"id":"32162ee5-2bee-4e4a-9c73-4ebee83addc9","displayName":"Logik-Flows","iconUri":"https://connectoricons-prod.azureedge.net/releases/v1.0.1653/1.0.1653.3403/logicflows/icon.png","dataSources":["getLfArtikel"],"dependencies":[],"dependents":[],"parameterHints":{"workflowName":{"value":"a565f563-e23e-4de1-936c-1f09ff7e5eef"},"workflowEntityId":{}},"parameterHintsV2":{"workflowName":{"value":"a565f563-e23e-4de1-936c-1f09ff7e5eef"},"workflowEntityId":{}},"isOnPremiseConnection":false,"bypassConsent":false,"dataSets":{},"apiTier":"Standard","isCustomApiConnection":false},"f433b2c5-ca2f-41ec-98d9-640c703a2cc9":{"id":"32162ee5-2bee-4e4a-9c73-4ebee83addc9","displayName":"Logik-Flows","iconUri":"https://connectoricons-prod.azureedge.net/releases/v1.0.1653/1.0.1653.3403/logicflows/icon.png","dataSources":["setLRueckstand"],"dependencies":[],"dependents":[],"parameterHints":{"workflowName":{"value":"294f6b4c-6960-4146-9c25-fae240ebe0b2"},"workflowEntityId":{}},"parameterHintsV2":{"workflowName":{"value":"294f6b4c-6960-4146-9c25-fae240ebe0b2"},"workflowEntityId":{}},"isOnPremiseConnection":false,"bypassConsent":false,"dataSets":{},"apiTier":"Standard","isCustomApiConnection":false,"actions":["Run"]},"dbafa1a2-de70-4eb3-8a8b-5821f0443a26":{"id":"32162ee5-2bee-4e4a-9c73-4ebee83addc9","displayName":"Logik-Flows","iconUri":"https://connectoricons-prod.azureedge.net/releases/v1.0.1653/1.0.1653.3403/logicflows/icon.png","dataSources":["getLieferanten"],"dependencies":[],"dependents":[],"parameterHints":{"workflowName":{"value":"990ce492-a17e-4efd-815c-792252b08ffe"},"workflowEntityId":{}},"parameterHintsV2":{"workflowName":{"value":"990ce492-a17e-4efd-815c-792252b08ffe"},"workflowEntityId":{}},"isOnPremiseConnection":false,"bypassConsent":false,"dataSets":{},"apiTier":"Standard","isCustomApiConnection":false,"actions":["Run"]},"4ef4aa71-52fb-4c53-9f59-33058f06a2e3":{"id":"32162ee5-2bee-4e4a-9c73-4ebee83addc9","displayName":"Logik-Flows","iconUri":"https://connectoricons-prod.azureedge.net/releases/v1.0.1653/1.0.1653.3403/logicflows/icon.png","dataSources":["setLsnr"],"dependencies":[],"dependents":[],"parameterHints":{"workflowName":{"value":"611b670b-d3e5-4888-8138-89b462fcfb5f"},"workflowEntityId":{}},"parameterHintsV2":{"workflowName":{"value":"611b670b-d3e5-4888-8138-89b462fcfb5f"},"workflowEntityId":{}},"isOnPremiseConnection":false,"bypassConsent":false,"dataSets":{},"apiTier":"Standard","isCustomApiConnection":false,"actions":["Run"]},"48a4afe1-5ce7-4fa5-8bd0-1579c7027bca":{"id":"32162ee5-2bee-4e4a-9c73-4ebee83addc9","displayName":"Logik-Flows","iconUri":"https://connectoricons-prod.azureedge.net/releases/v1.0.1653/1.0.1653.3403/logicflows/icon.png","dataSources":["getHotliner"],"dependencies":[],"dependents":[],"parameterHints":{"workflowName":{"value":"f52adfbc-7c9a-4a2e-b486-1eb2781bbfe4"},"workflowEntityId":{}},"parameterHintsV2":{"workflowName":{"value":"f52adfbc-7c9a-4a2e-b486-1eb2781bbfe4"},"workflowEntityId":{}},"isOnPremiseConnection":false,"bypassConsent":false,"dataSets":{},"apiTier":"Standard","isCustomApiConnection":false,"actions":["Run"]},"36a90ffe-8437-41e0-879c-761187f24335":{"id":"32162ee5-2bee-4e4a-9c73-4ebee83addc9","displayName":"Logik-Flows","iconUri":"https://connectoricons-prod.azureedge.net/releases/v1.0.1653/1.0.1653.3403/logicflows/icon.png","dataSources":["setTicketZeiten"],"dependencies":[],"dependents":[],"parameterHints":{"workflowName":{"value":"c5d2b376-4b8a-4fb1-8192-80f386fa7d11"},"workflowEntityId":{}},"parameterHintsV2":{"workflowName":{"value":"c5d2b376-4b8a-4fb1-8192-80f386fa7d11"},"workflowEntityId":{}},"isOnPremiseConnection":false,"bypassConsent":false,"dataSets":{},"apiTier":"Standard","isCustomApiConnection":false,"actions":["Run"]},"7a95fa97-7d0e-4ef8-a4bb-247eaa627f22":{"id":"32162ee5-2bee-4e4a-9c73-4ebee83addc9","displayName":"Logik-Flows","iconUri":"https://connectoricons-prod.azureedge.net/releases/v1.0.1653/1.0.1653.3403/logicflows/icon.png","dataSources":["getTicketzeiten"],"dependencies":[],"dependents":[],"parameterHints":{"workflowName":{"value":"f6d0524b-c283-476c-9932-ca0f5b4dab9e"},"workflowEntityId":{}},"parameterHintsV2":{"workflowName":{"value":"f6d0524b-c283-476c-9932-ca0f5b4dab9e"},"workflowEntityId":{}},"isOnPremiseConnection":false,"bypassConsent":false,"dataSets":{},"apiTier":"Standard","isCustomApiConnection":false,"actions":["Run"]},"c21a4497-62b4-4ad6-b84a-885395e6460a":{"id":"32162ee5-2bee-4e4a-9c73-4ebee83addc9","displayName":"Logik-Flows","iconUri":"https://connectoricons-prod.azureedge.net/releases/v1.0.1653/1.0.1653.3403/logicflows/icon.png","dataSources":["getWarteraum"],"dependencies":[],"dependents":[],"parameterHints":{"workflowName":{"value":"afa68837-8973-4a30-a085-dd6be119c277"},"workflowEntityId":{}},"parameterHintsV2":{"workflowName":{"value":"afa68837-8973-4a30-a085-dd6be119c277"},"workflowEntityId":{}},"isOnPremiseConnection":false,"bypassConsent":false,"dataSets":{},"apiTier":"Standard","isCustomApiConnection":false,"actions":["Run"]},"d243329d-4e3d-4f2a-bfe2-261953bb6a52":{"id":"32162ee5-2bee-4e4a-9c73-4ebee83addc9","displayName":"Logik-Flows","iconUri":"https://connectoricons-prod.azureedge.net/releases/v1.0.1653/1.0.1653.3403/logicflows/icon.png","dataSources":["getTickets4"],"dependencies":[],"dependents":[],"parameterHints":{"workflowName":{"value":"3c873a45-c439-4546-ad91-bccd7dba1d52"},"workflowEntityId":{}},"parameterHintsV2":{"workflowName":{"value":"3c873a45-c439-4546-ad91-bccd7dba1d52"},"workflowEntityId":{}},"isOnPremiseConnection":false,"bypassConsent":false,"dataSets":{},"apiTier":"Standard","isCustomApiConnection":false,"actions":["Run"]},"8c1f2bce-d98d-4174-a317-1e62c3275ba2":{"id":"32162ee5-2bee-4e4a-9c73-4ebee83addc9","displayName":"Logik-Flows","iconUri":"https://connectoricons-prod.azureedge.net/releases/v1.0.1653/1.0.1653.3403/logicflows/icon.png","dataSources":["setTicketAktion"],"dependencies":[],"dependents":[],"parameterHints":{"workflowName":{"value":"ebff324b-1a06-4550-a8db-54398ce627c7"},"workflowEntityId":{}},"parameterHintsV2":{"workflowName":{"value":"ebff324b-1a06-4550-a8db-54398ce627c7"},"workflowEntityId":{}},"isOnPremiseConnection":false,"bypassConsent":false,"dataSets":{},"apiTier":"Standard","isCustomApiConnection":false,"actions":["Run"]},"ebe5761e-cee8-431c-80d0-54356e1aa581":{"id":"32162ee5-2bee-4e4a-9c73-4ebee83addc9","displayName":"Logik-Flows","iconUri":"https://connectoricons-prod.azureedge.net/releases/v1.0.1653/1.0.1653.3403/logicflows/icon.png","dataSources":["getaktTagesstatus"],"dependencies":[],"dependents":[],"parameterHints":{"workflowName":{"value":"37599880-2e6d-4e67-9d18-6f44a5044675"},"workflowEntityId":{}},"parameterHintsV2":{"workflowName":{"value":"37599880-2e6d-4e67-9d18-6f44a5044675"},"workflowEntityId":{}},"isOnPremiseConnection":false,"bypassConsent":false,"dataSets":{},"apiTier":"Standard","isCustomApiConnection":false,"actions":["Run"]},"bc9bbdff-e79e-43a1-93ef-c664b6c955eb":{"id":"32162ee5-2bee-4e4a-9c73-4ebee83addc9","displayName":"Logik-Flows","iconUri":"https://connectoricons-prod.azureedge.net/releases/v1.0.1653/1.0.1653.3403/logicflows/icon.png","dataSources":["getTagesueberblick"],"dependencies":[],"dependents":[],"parameterHints":{"workflowName":{"value":"556837e2-2721-4003-aecf-2278e82affda"},"workflowEntityId":{}},"parameterHintsV2":{"workflowName":{"value":"556837e2-2721-4003-aecf-2278e82affda"},"workflowEntityId":{}},"isOnPremiseConnection":false,"bypassConsent":false,"dataSets":{},"apiTier":"Standard","isCustomApiConnection":false,"actions":["Run"]},"1fb560d3-b559-44f0-9bde-bd04c18f091d":{"id":"32162ee5-2bee-4e4a-9c73-4ebee83addc9","displayName":"Logik-Flows","iconUri":"https://connectoricons-prod.azureedge.net/releases/v1.0.1653/1.0.1653.3403/logicflows/icon.png","dataSources":["getTicketAktionen"],"dependencies":[],"dependents":[],"parameterHints":{"workflowName":{"value":"4060eb68-f3ba-4742-a0f1-10cc3bdc8307"},"workflowEntityId":{}},"parameterHintsV2":{"workflowName":{"value":"4060eb68-f3ba-4742-a0f1-10cc3bdc8307"},"workflowEntityId":{}},"isOnPremiseConnection":false,"bypassConsent":false,"dataSets":{},"apiTier":"Standard","isCustomApiConnection":false,"actions":["Run"]},"8f5e72c0-966f-4346-a3ad-6ceb62c59ae7":{"id":"32162ee5-2bee-4e4a-9c73-4ebee83addc9","displayName":"Logik-Flows","iconUri":"https://connectoricons-prod.azureedge.net/releases/v1.0.1653/1.0.1653.3403/logicflows/icon.png","dataSources":["setTicketStatus"],"dependencies":[],"dependents":[],"parameterHints":{"workflowName":{"value":"125fe57b-0c03-45d3-bbef-afa720c90245"},"workflowEntityId":{}},"parameterHintsV2":{"workflowName":{"value":"125fe57b-0c03-45d3-bbef-afa720c90245"},"workflowEntityId":{}},"isOnPremiseConnection":false,"bypassConsent":false,"dataSets":{},"apiTier":"Standard","isCustomApiConnection":false,"actions":["Run"]},"cc3965d4-8a54-4c75-8c25-1d524a8ab208":{"id":"32162ee5-2bee-4e4a-9c73-4ebee83addc9","displayName":"Logik-Flows","iconUri":"https://connectoricons-prod.azureedge.net/releases/v1.0.1653/1.0.1653.3403/logicflows/icon.png","dataSources":["getTicketStatus"],"dependencies":[],"dependents":[],"parameterHints":{"workflowName":{"value":"dce8139f-8d23-4556-845d-a761b23e0e4a"},"workflowEntityId":{}},"parameterHintsV2":{"workflowName":{"value":"dce8139f-8d23-4556-845d-a761b23e0e4a"},"workflowEntityId":{}},"isOnPremiseConnection":false,"bypassConsent":false,"dataSets":{},"apiTier":"Standard","isCustomApiConnection":false,"actions":["Run"]},"97a98da1-293e-4a47-aea5-ab8c33ef8674":{"id":"32162ee5-2bee-4e4a-9c73-4ebee83addc9","displayName":"Logik-Flows","iconUri":"https://connectoricons-prod.azureedge.net/releases/v1.0.1653/1.0.1653.3403/logicflows/icon.png","dataSources":["getTicketSteuerfile"],"dependencies":[],"dependents":[],"parameterHints":{"workflowName":{"value":"3ae8fa1b-2db0-4a56-86f4-bed233149b55"},"workflowEntityId":{}},"parameterHintsV2":{"workflowName":{"value":"3ae8fa1b-2db0-4a56-86f4-bed233149b55"},"workflowEntityId":{}},"isOnPremiseConnection":false,"bypassConsent":false,"dataSets":{},"apiTier":"Standard","isCustomApiConnection":false,"actions":["Run"]},"ab96997e-7f5f-4f17-b067-13ba2567defb":{"id":"32162ee5-2bee-4e4a-9c73-4ebee83addc9","displayName":"Logik-Flows","iconUri":"https://connectoricons-prod.azureedge.net/releases/v1.0.1653/1.0.1653.3403/logicflows/icon.png","dataSources":["getTicketArtikel"],"dependencies":[],"dependents":[],"parameterHints":{"workflowName":{"value":"b1c7ae5f-e0da-4a4c-9195-27785f5f8e2c"},"workflowEntityId":{}},"parameterHintsV2":{"workflowName":{"value":"b1c7ae5f-e0da-4a4c-9195-27785f5f8e2c"},"workflowEntityId":{}},"isOnPremiseConnection":false,"bypassConsent":false,"dataSets":{},"apiTier":"Standard","isCustomApiConnection":false,"actions":["Run"]},"d11882c0-7c68-4609-8686-bf88cd762b75":{"id":"32162ee5-2bee-4e4a-9c73-4ebee83addc9","displayName":"Logik-Flows","iconUri":"https://connectoricons-prod.azureedge.net/releases/v1.0.1653/1.0.1653.3403/logicflows/icon.png","dataSources":["getLRueckstand"],"dependencies":[],"dependents":[],"parameterHints":{"workflowName":{"value":"3129ce13-3fe2-4746-8178-a2f39d849b17"},"workflowEntityId":{}},"parameterHintsV2":{"workflowName":{"value":"3129ce13-3fe2-4746-8178-a2f39d849b17"},"workflowEntityId":{}},"isOnPremiseConnection":false,"bypassConsent":false,"dataSets":{},"apiTier":"Standard","isCustomApiConnection":false,"actions":["Run"]},"2ddd9dd7-7a2b-44cd-825a-b69548ff7fe2":{"id":"32162ee5-2bee-4e4a-9c73-4ebee83addc9","displayName":"Logik-Flows","iconUri":"https://connectoricons-prod.azureedge.net/releases/v1.0.1653/1.0.1653.3403/logicflows/icon.png","dataSources":["getKategorien"],"dependencies":[],"dependents":[],"parameterHints":{"workflowName":{"value":"6353274d-276e-43d4-9971-b0b5149e7608"},"workflowEntityId":{}},"parameterHintsV2":{"workflowName":{"value":"6353274d-276e-43d4-9971-b0b5149e7608"},"workflowEntityId":{}},"isOnPremiseConnection":false,"bypassConsent":false,"dataSets":{},"apiTier":"Standard","isCustomApiConnection":false,"actions":["Run"]},"76954e3b-16cc-4805-8e1e-b50519c59065":{"id":"32162ee5-2bee-4e4a-9c73-4ebee83addc9","displayName":"Logik-Flows","iconUri":"https://connectoricons-prod.azureedge.net/releases/v1.0.1653/1.0.1653.3403/logicflows/icon.png","dataSources":["getKunden"],"dependencies":[],"dependents":[],"parameterHints":{"workflowName":{"value":"bfcbc95d-57cd-4374-b9df-08908c420761"},"workflowEntityId":{}},"parameterHintsV2":{"workflowName":{"value":"bfcbc95d-57cd-4374-b9df-08908c420761"},"workflowEntityId":{}},"isOnPremiseConnection":false,"bypassConsent":false,"dataSets":{},"apiTier":"Standard","isCustomApiConnection":false,"actions":["Run"]},"98677b73-d893-410c-981a-7456122ffed9":{"id":"32162ee5-2bee-4e4a-9c73-4ebee83addc9","displayName":"Logik-Flows","iconUri":"https://connectoricons-prod.azureedge.net/releases/v1.0.1653/1.0.1653.3403/logicflows/icon.png","dataSources":["getProduktbereich"],"dependencies":[],"dependents":[],"parameterHints":{"workflowName":{"value":"f106fd89-229f-4218-99c4-25b3ed4870bf"},"workflowEntityId":{}},"parameterHintsV2":{"workflowName":{"value":"f106fd89-229f-4218-99c4-25b3ed4870bf"},"workflowEntityId":{}},"isOnPremiseConnection":false,"bypassConsent":false,"dataSets":{},"apiTier":"Standard","isCustomApiConnection":false,"actions":["Run"]},"a10e8786-a5fe-4787-9662-ddce8ace21f5":{"id":"32162ee5-2bee-4e4a-9c73-4ebee83addc9","displayName":"Logik-Flows","iconUri":"https://connectoricons-prod.azureedge.net/releases/v1.0.1653/1.0.1653.3403/logicflows/icon.png","dataSources":["getIDNR"],"dependencies":[],"dependents":[],"parameterHints":{"workflowName":{"value":"49a0feed-8b81-415f-b884-14afb716e1c6"},"workflowEntityId":{}},"parameterHintsV2":{"workflowName":{"value":"49a0feed-8b81-415f-b884-14afb716e1c6"},"workflowEntityId":{}},"isOnPremiseConnection":false,"bypassConsent":false,"dataSets":{},"apiTier":"Standard","isCustomApiConnection":false,"actions":["Run"]},"f5895066-1cf1-4298-a675-064c28a9c4e0":{"id":"32162ee5-2bee-4e4a-9c73-4ebee83addc9","displayName":"Logik-Flows","iconUri":"https://connectoricons-prod.azureedge.net/releases/v1.0.1653/1.0.1653.3403/logicflows/icon.png","dataSources":["getWorkflows"],"dependencies":[],"dependents":[],"parameterHints":{"workflowName":{"value":"08d378a1-0bda-4078-b59b-91f86c9672f1"},"workflowEntityId":{}},"parameterHintsV2":{"workflowName":{"value":"08d378a1-0bda-4078-b59b-91f86c9672f1"},"workflowEntityId":{}},"isOnPremiseConnection":false,"bypassConsent":false,"dataSets":{},"apiTier":"Standard","isCustomApiConnection":false,"actions":["Run"]},"f8c74d61-5dea-47ac-bef9-6aa2b26ac9d5":{"id":"32162ee5-2bee-4e4a-9c73-4ebee83addc9","displayName":"Logik-Flows","iconUri":"https://connectoricons-prod.azureedge.net/releases/v1.0.1653/1.0.1653.3403/logicflows/icon.png","dataSources":["createTicket"],"dependencies":[],"dependents":[],"parameterHints":{"workflowName":{"value":"731ad98a-58a7-4e01-a99a-f3c9f29dc9b2"},"workflowEntityId":{}},"parameterHintsV2":{"workflowName":{"value":"731ad98a-58a7-4e01-a99a-f3c9f29dc9b2"},"workflowEntityId":{}},"isOnPremiseConnection":false,"bypassConsent":false,"dataSets":{},"apiTier":"Standard","isCustomApiConnection":false,"actions":["Run"]},"6492d401-339e-4171-a796-4568592bba0e":{"id":"32162ee5-2bee-4e4a-9c73-4ebee83addc9","displayName":"Logik-Flows","iconUri":"https://connectoricons-prod.azureedge.net/releases/v1.0.1653/1.0.1653.3403/logicflows/icon.png","dataSources":["getBPositionen"],"dependencies":[],"dependents":[],"parameterHints":{"workflowName":{"value":"17c35d0f-349b-4c9a-a8cd-f8f026f3fbef"},"workflowEntityId":{}},"parameterHintsV2":{"workflowName":{"value":"17c35d0f-349b-4c9a-a8cd-f8f026f3fbef"},"workflowEntityId":{}},"isOnPremiseConnection":false,"bypassConsent":false,"dataSets":{},"apiTier":"Standard","isCustomApiConnection":false,"actions":["Run"]},"10dbae50-53eb-4c9b-87eb-c761be525773":{"id":"dfb5f9b4-4186-48c9-945c-de9267e05caf","displayName":"Spatial Services","iconUri":"https://connectoricons-prod.azureedge.net/releases/v1.0.1613/1.0.1613.3125/microsoftspatialservices/icon.png","dataSources":["SpatialServices"],"dependencies":[],"dependents":[],"parameterHints":{},"parameterHintsV2":{},"isOnPremiseConnection":false,"bypassConsent":false,"dataSets":{},"apiTier":"Premium","isCustomApiConnection":false},"838f84f6-93ec-4a7c-bf67-0dc3240d109b":{"id":"32162ee5-2bee-4e4a-9c73-4ebee83addc9","displayName":"Logik-Flows","iconUri":"https://connectoricons-prod.azureedge.net/releases/v1.0.1653/1.0.1653.3403/logicflows/icon.png","dataSources":["orderEDI"],"dependencies":[],"dependents":[],"parameterHints":{"workflowName":{"value":"1c2cd501-d3f2-4024-8a8f-77d553a5442a"},"workflowEntityId":{}},"parameterHintsV2":{"workflowName":{"value":"1c2cd501-d3f2-4024-8a8f-77d553a5442a"},"workflowEntityId":{}},"isOnPremiseConnection":false,"bypassConsent":false,"dataSets":{},"apiTier":"Standard","isCustomApiConnection":false,"actions":["Run"]}},"databaseReferences":{"default.cds":{"databaseDetails":{"referenceType":"Environmental","environmentName":"default.cds","overrideValues":{"status":"NotSpecified"}},"dataSources":{"18333537-fdd1-4579-907c-955609c15d25":{"entitySetName":"msdyn_aiconfigurations","logicalName":"msdyn_aiconfiguration"},"39a6196f-02b0-4fc1-9715-78a41651bedd":{"entitySetName":"msdyn_aiodlabels","logicalName":"msdyn_aiodlabel"}}}},"almMode":"Environment","performanceOptimizationEnabled":true,"canConsumeAppPass":true,"enableModernRuntimeMode":false,"executionRestrictions":{"isTeamsOnly":false,"dataLossPreventionEvaluationResult":{"status":"Compliant","lastEvaluationDate":"2023-10-06T15:34:09.1975149Z","violations":[],"violationsByPolicy":[],"violationErrorMessage":"Die App verwendet die folgenden Connectors: shared_logicflows, shared_microsoftspatialservices, shared_ftp, shared_commondataservice."},"httpActionRestriction":{"appUsesSharepointHttpAction":false,"enforcementStrategy":"Legacy","evaluationTime":"2023-10-06T15:34:09.1962862Z"}}},"appType":"ClassicCanvasApp","appComponents":[]}}