{"name":"93ec79bf-ba5a-490c-b24c-508c21c28537","id":"/providers/Microsoft.Flow/flows/93ec79bf-ba5a-490c-b24c-508c21c28537","type":"Microsoft.Flow/flows","properties":{"apiId":"/providers/Microsoft.PowerApps/apis/shared_logicflows","displayName":"getUnternehmen","definition":{"metadata":{"workflowEntityId":null,"processAdvisorMetadata":null,"flowChargedByPaygo":null,"flowclientsuspensionreason":"None","flowclientsuspensiontime":null,"flowclientsuspensionreasondetails":null,"creator":{"id":"c460d924-e514-4ad6-8347-2f10db18a619","type":"User","tenantId":"9f1c8e82-c18c-47b7-8190-9078686422ad"},"provisioningMethod":"FromDefinition","failureAlertSubscription":true,"clientLastModifiedTime":"2023-05-22T14:40:11.372374Z"},"$schema":"https://schema.management.azure.com/providers/Microsoft.Logic/schemas/2016-06-01/workflowdefinition.json#","contentVersion":"1.0.0.0","parameters":{"$authentication":{"defaultValue":{},"type":"SecureObject"}},"triggers":{"manual":{"metadata":{"operationMetadataId":"34d6fc3e-62a9-487f-97e0-ee221336e2fe"},"type":"Request","kind":"PowerApp","inputs":{"schema":{"type":"object","properties":{"Variableinitialisieren_Wert":{"type":"string","description":"Anfangswert eingeben","x-ms-powerflows-param-ispartial":false},"Variableinitialisieren2_Wert":{"type":"string","description":"Anfangswert eingeben","x-ms-powerflows-param-ispartial":false},"Variableinitialisieren3_Wert":{"type":"string","description":"Anfangswert eingeben","x-ms-powerflows-param-ispartial":false},"Variableinitialisieren4_Wert":{"type":"string","description":"Anfangswert eingeben","x-ms-powerflows-param-ispartial":false}},"required":["Variableinitialisieren_Wert","Variableinitialisieren2_Wert","Variableinitialisieren3_Wert","Variableinitialisieren4_Wert"]}}}},"actions":{"HTTP":{"runAfter":{"URL":["Succeeded"]},"metadata":{"operationMetadataId":"3a8e948c-9168-44af-b28f-31b174aa2571"},"type":"Http","inputs":{"method":"POST","uri":"@{variables('URL')}&PRGNAME=getUnternehmen&ARGUMENTS=-A@{variables('APPID')},-A@{variables('Benutzer')},-A@{variables('Passwort')}","authentication":{"type":"Basic","username":"@variables('Benutzer')","password":"@variables('Passwort')"},"retryPolicy":{"type":"none"}}},"JSON_analysieren":{"runAfter":{"HTTP":["Succeeded"]},"metadata":{"operationMetadataId":"831ea011-1100-4336-9fbe-9eb2131b41ab"},"type":"ParseJson","inputs":{"content":"@body('HTTP')","schema":{"type":"array","items":{"type":"object","properties":{"Matchcode":{"type":"string"}}}}}},"appid":{"runAfter":{},"metadata":{"operationMetadataId":"d21f7ca1-dfc2-443f-81c7-792d30475571"},"type":"InitializeVariable","inputs":{"variables":[{"name":"APPID","type":"string","value":"@triggerBody()['Variableinitialisieren_Wert']"}]}},"Benutzername":{"runAfter":{"appid":["Succeeded"]},"metadata":{"operationMetadataId":"2915089e-e9aa-4405-bde8-dc4f2e8978aa"},"type":"InitializeVariable","inputs":{"variables":[{"name":"Benutzer","type":"string","value":"@{triggerBody()['Variableinitialisieren2_Wert']}"}]}},"Passwort":{"runAfter":{"Benutzername":["Succeeded"]},"metadata":{"operationMetadataId":"c3609079-9e2d-4868-8b79-818bb7b2b970"},"type":"InitializeVariable","inputs":{"variables":[{"name":"Passwort","type":"string","value":"@{triggerBody()['Variableinitialisieren3_Wert']}"}]}},"URL":{"runAfter":{"Passwort":["Succeeded"]},"metadata":{"operationMetadataId":"546850b4-29ea-4684-aa23-57e71d022a56"},"type":"InitializeVariable","inputs":{"variables":[{"name":"URL","type":"string","value":"@{triggerBody()['Variableinitialisieren4_Wert']}"}]}},"Antwort":{"runAfter":{"Auswählen":["Succeeded"]},"metadata":{"operationMetadataId":"0932ed9f-6eb1-43ea-875a-80fa637178d4"},"type":"Response","kind":"Http","inputs":{"statusCode":200,"body":"@body('Auswählen')","schema":{"type":"array","items":{"type":"object","properties":{"Matchcode":{"type":"string"}}}}}},"Auswählen":{"runAfter":{"JSON_analysieren":["Succeeded"]},"metadata":{"operationMetadataId":"1b330089-2676-48bc-a968-7fabec7b0ea5"},"type":"Select","inputs":{"from":"@body('JSON_analysieren')","select":{"Matchcode":"@item()['Matchcode']"}}}},"outputs":{}},"connectionReferences":{},"flowFailureAlertSubscribed":false,"isManaged":false}}