{"schemaVersion":"1.0","appDefinitionTemplate":{"id":"/providers/Microsoft.PowerApps/apps/","type":"Microsoft.PowerApps/apps","tags":{"primaryDeviceWidth":"1024","primaryDeviceHeight":"600","supportsPortrait":"false","supportsLandscape":"true","primaryFormFactor":"Tablet","publisherVersion":"3.24032.26","minimumRequiredApiVersion":"2.2.0","hasComponent":"false","hasUnlockedComponent":"false","isUnifiedRootApp":"false","sienaVersion":"20240401T134011Z-3.24032.26.0","showStatusBar":"true","offlineLargeFilesSupport":"false"},"properties":{"appVersion":"2024-04-01T13:40:11Z","lifeCycleId":"Published","createdByClientVersion":{"major":3,"minor":24032,"build":26,"revision":0,"majorRevision":0,"minorRevision":0},"minClientVersion":{"major":3,"minor":24032,"build":26,"revision":0,"majorRevision":0,"minorRevision":0},"backgroundColor":"rgba(255, 255, 255, 1)","backgroundImageUri":"/421023360613984950/N4570e8bc-f030-47a3-b62c-7c242c37dd35-logoSmallFile","displayName":"SuccessFlow","description":"Neue Funktion mit u.a. Lieferanten Artikelsuche aus dem Katalog","commitMessage":"","appUris":{"documentUri":{"value":"/421023360613984950/Nd7da1642-f48d-4162-9fdc-f85d786b9e0d-document.msapp"},"imageUris":[],"additionalUris":[{"isSolutionAware":false,"value":"/421023360613984950/N8920eefd-0a82-4476-b521-a3285d33ab50-identity.json"}]},"createdTime":"0001-01-01T00:00:00Z","lastModifiedTime":"0001-01-01T00:00:00Z","sharedGroupsCount":0,"sharedUsersCount":0,"connectionReferences":{"0175def3-fbbc-498f-aaf8-52ebd8b88010":{"id":"32162ee5-2bee-4e4a-9c73-4ebee83addc9","displayName":"Logik-Flows","iconUri":"https://connectoricons-prod.azureedge.net/releases/v1.0.1680/1.0.1680.3652/logicflows/icon.png","dataSources":["getServerURL"],"dependencies":[],"dependents":[],"parameterHints":{"workflowEntityId":{},"workflowName":{"value":"33f12734-943a-4334-85d6-c7883fe706ac"}},"parameterHintsV2":{"workflowEntityId":{},"workflowName":{"value":"33f12734-943a-4334-85d6-c7883fe706ac"}},"isOnPremiseConnection":false,"bypassConsent":false,"dataSets":{},"apiTier":"Standard","isCustomApiConnection":false,"actions":["Run"]},"0552f2d1-c696-4f3e-b29d-37864c197dff":{"id":"32162ee5-2bee-4e4a-9c73-4ebee83addc9","displayName":"Logik-Flows","iconUri":"https://connectoricons-prod.azureedge.net/releases/v1.0.1680/1.0.1680.3652/logicflows/icon.png","dataSources":["setTicketAktion"],"dependencies":[],"dependents":[],"parameterHints":{"workflowEntityId":{},"workflowName":{"value":"15af8c11-6966-42b3-aead-c53703122e83"}},"parameterHintsV2":{"workflowEntityId":{},"workflowName":{"value":"15af8c11-6966-42b3-aead-c53703122e83"}},"isOnPremiseConnection":false,"bypassConsent":false,"dataSets":{},"apiTier":"Standard","isCustomApiConnection":false,"actions":["Run"]},"08687968-4757-49d3-89ee-d13a2a33bdd1":{"id":"32162ee5-2bee-4e4a-9c73-4ebee83addc9","displayName":"Logik-Flows","iconUri":"https://connectoricons-prod.azureedge.net/releases/v1.0.1680/1.0.1680.3652/logicflows/icon.png","dataSources":["getTagesStatistik"],"dependencies":[],"dependents":[],"parameterHints":{"workflowEntityId":{},"workflowName":{"value":"ee3e176a-8e85-47f7-8d4f-d4663c6ccee1"}},"parameterHintsV2":{"workflowEntityId":{},"workflowName":{"value":"ee3e176a-8e85-47f7-8d4f-d4663c6ccee1"}},"isOnPremiseConnection":false,"bypassConsent":false,"dataSets":{},"apiTier":"Standard","isCustomApiConnection":false,"actions":["Run"]},"0924ac32-be2d-4bd2-92bf-11c49eb431e9":{"id":"32162ee5-2bee-4e4a-9c73-4ebee83addc9","displayName":"Logik-Flows","iconUri":"https://connectoricons-prod.azureedge.net/releases/v1.0.1680/1.0.1680.3652/logicflows/icon.png","dataSources":["getEDILieferanten"],"dependencies":[],"dependents":[],"parameterHints":{"workflowEntityId":{},"workflowName":{"value":"e71e7589-3f09-44bf-82b2-a53abe5fec0d"}},"parameterHintsV2":{"workflowEntityId":{},"workflowName":{"value":"e71e7589-3f09-44bf-82b2-a53abe5fec0d"}},"isOnPremiseConnection":false,"bypassConsent":false,"dataSets":{},"apiTier":"Standard","isCustomApiConnection":false,"actions":["Run"]},"0a670aa3-cc47-4805-89d4-0384f2be959e":{"id":"32162ee5-2bee-4e4a-9c73-4ebee83addc9","displayName":"Logik-Flows","iconUri":"https://connectoricons-prod.azureedge.net/releases/v1.0.1680/1.0.1680.3652/logicflows/icon.png","dataSources":["getLRueckstand"],"dependencies":[],"dependents":[],"parameterHints":{"workflowEntityId":{},"workflowName":{"value":"feed2753-9430-40de-a7bd-0bfabdf6a5f5"}},"parameterHintsV2":{"workflowEntityId":{},"workflowName":{"value":"feed2753-9430-40de-a7bd-0bfabdf6a5f5"}},"isOnPremiseConnection":false,"bypassConsent":false,"dataSets":{},"apiTier":"Standard","isCustomApiConnection":false,"actions":["Run"]},"2794e875-eba9-444f-8af5-c7235b40bf13":{"id":"32162ee5-2bee-4e4a-9c73-4ebee83addc9","displayName":"Logik-Flows","iconUri":"https://connectoricons-prod.azureedge.net/releases/v1.0.1680/1.0.1680.3652/logicflows/icon.png","dataSources":["createPosition"],"dependencies":[],"dependents":[],"parameterHints":{"workflowEntityId":{},"workflowName":{"value":"8c33ba04-3abf-49c9-a43a-b8a001721463"}},"parameterHintsV2":{"workflowEntityId":{},"workflowName":{"value":"8c33ba04-3abf-49c9-a43a-b8a001721463"}},"isOnPremiseConnection":false,"bypassConsent":false,"dataSets":{},"apiTier":"Standard","isCustomApiConnection":false,"actions":["Run"]},"28d7df89-5184-4d4e-8e42-2e8063afc9dc":{"id":"32162ee5-2bee-4e4a-9c73-4ebee83addc9","displayName":"Logik-Flows","iconUri":"https://connectoricons-prod.azureedge.net/releases/v1.0.1680/1.0.1680.3652/logicflows/icon.png","dataSources":["setTageszeit"],"dependencies":[],"dependents":[],"parameterHints":{"workflowEntityId":{},"workflowName":{"value":"2bd07de3-c66e-4bc6-b69c-80dec2342762"}},"parameterHintsV2":{"workflowEntityId":{},"workflowName":{"value":"2bd07de3-c66e-4bc6-b69c-80dec2342762"}},"isOnPremiseConnection":false,"bypassConsent":false,"dataSets":{},"apiTier":"Standard","isCustomApiConnection":false,"actions":["Run"]},"2ddd9dd7-7a2b-44cd-825a-b69548ff7fe2":{"id":"32162ee5-2bee-4e4a-9c73-4ebee83addc9","displayName":"Logik-Flows","iconUri":"https://connectoricons-prod.azureedge.net/releases/v1.0.1680/1.0.1680.3652/logicflows/icon.png","dataSources":["getKategorien"],"dependencies":[],"dependents":[],"parameterHints":{"workflowEntityId":{},"workflowName":{"value":"89de9d0f-7f43-4cef-8962-46b1207921d5"}},"parameterHintsV2":{"workflowEntityId":{},"workflowName":{"value":"89de9d0f-7f43-4cef-8962-46b1207921d5"}},"isOnPremiseConnection":false,"bypassConsent":false,"dataSets":{},"apiTier":"Standard","isCustomApiConnection":false,"actions":["Run"]},"36a90ffe-8437-41e0-879c-761187f24335":{"id":"32162ee5-2bee-4e4a-9c73-4ebee83addc9","displayName":"Logik-Flows","iconUri":"https://connectoricons-prod.azureedge.net/releases/v1.0.1680/1.0.1680.3652/logicflows/icon.png","dataSources":["setTicketZeiten"],"dependencies":[],"dependents":[],"parameterHints":{"workflowEntityId":{},"workflowName":{"value":"2f0ace6d-c1c4-4a37-9f62-0ada2a631c52"}},"parameterHintsV2":{"workflowEntityId":{},"workflowName":{"value":"2f0ace6d-c1c4-4a37-9f62-0ada2a631c52"}},"isOnPremiseConnection":false,"bypassConsent":false,"dataSets":{},"apiTier":"Standard","isCustomApiConnection":false,"actions":["Run"]},"371abe8a-b974-4391-8557-29845c3f53cc":{"id":"32162ee5-2bee-4e4a-9c73-4ebee83addc9","displayName":"Logik-Flows","iconUri":"https://connectoricons-prod.azureedge.net/releases/v1.0.1680/1.0.1680.3652/logicflows/icon.png","dataSources":["modPosition2"],"dependencies":[],"dependents":[],"parameterHints":{"workflowEntityId":{},"workflowName":{"value":"b3a3eb53-0ed2-4fef-bf0c-a7300077bf24"}},"parameterHintsV2":{"workflowEntityId":{},"workflowName":{"value":"b3a3eb53-0ed2-4fef-bf0c-a7300077bf24"}},"isOnPremiseConnection":false,"bypassConsent":false,"dataSets":{},"apiTier":"Standard","isCustomApiConnection":false,"actions":["Run"]},"4b27045a-4cf1-413a-bde9-39ff7be0c46a":{"id":"32162ee5-2bee-4e4a-9c73-4ebee83addc9","displayName":"Logik-Flows","iconUri":"https://connectoricons-prod.azureedge.net/releases/v1.0.1680/1.0.1680.3652/logicflows/icon.png","dataSources":["getBestand"],"dependencies":[],"dependents":[],"parameterHints":{"workflowEntityId":{},"workflowName":{"value":"b5590126-c743-42f7-98b2-c44e9fe95bab"}},"parameterHintsV2":{"workflowEntityId":{},"workflowName":{"value":"b5590126-c743-42f7-98b2-c44e9fe95bab"}},"isOnPremiseConnection":false,"bypassConsent":false,"dataSets":{},"apiTier":"Standard","isCustomApiConnection":false,"actions":["Run"]},"4ef4aa71-52fb-4c53-9f59-33058f06a2e3":{"id":"32162ee5-2bee-4e4a-9c73-4ebee83addc9","displayName":"Logik-Flows","iconUri":"https://connectoricons-prod.azureedge.net/releases/v1.0.1680/1.0.1680.3652/logicflows/icon.png","dataSources":["setLsnr"],"dependencies":[],"dependents":[],"parameterHints":{"workflowEntityId":{},"workflowName":{"value":"c8afac65-8d30-4ab4-9391-d33d7f1d947f"}},"parameterHintsV2":{"workflowEntityId":{},"workflowName":{"value":"c8afac65-8d30-4ab4-9391-d33d7f1d947f"}},"isOnPremiseConnection":false,"bypassConsent":false,"dataSets":{},"apiTier":"Standard","isCustomApiConnection":false,"actions":["Run"]},"5473fb37-b8f7-4500-9079-db1ab2b66f8b":{"id":"32162ee5-2bee-4e4a-9c73-4ebee83addc9","displayName":"Logik-Flows","iconUri":"https://connectoricons-prod.azureedge.net/releases/v1.0.1680/1.0.1680.3652/logicflows/icon.png","dataSources":["getArtikelbestand"],"dependencies":[],"dependents":[],"parameterHints":{"workflowEntityId":{},"workflowName":{"value":"c2d5c387-aa84-4080-98fc-cf4faa50b29a"}},"parameterHintsV2":{"workflowEntityId":{},"workflowName":{"value":"c2d5c387-aa84-4080-98fc-cf4faa50b29a"}},"isOnPremiseConnection":false,"bypassConsent":false,"dataSets":{},"apiTier":"Standard","isCustomApiConnection":false,"actions":["Run"]},"5d4635dd-b175-4ba3-af32-6de2dbf53b85":{"id":"32162ee5-2bee-4e4a-9c73-4ebee83addc9","displayName":"Logik-Flows","iconUri":"https://connectoricons-prod.azureedge.net/releases/v1.0.1680/1.0.1680.3652/logicflows/icon.png","dataSources":["setServiceauftragZeit"],"dependencies":[],"dependents":[],"parameterHints":{"workflowEntityId":{},"workflowName":{"value":"6201125b-4103-48f8-b0c2-c6d995dbd3d5"}},"parameterHintsV2":{"workflowEntityId":{},"workflowName":{"value":"6201125b-4103-48f8-b0c2-c6d995dbd3d5"}},"isOnPremiseConnection":false,"bypassConsent":false,"dataSets":{},"apiTier":"Standard","isCustomApiConnection":false,"actions":["Run"]},"5d7168f9-035e-4bc2-a3a1-b72471242f6b":{"id":"32162ee5-2bee-4e4a-9c73-4ebee83addc9","displayName":"Logik-Flows","iconUri":"https://connectoricons-prod.azureedge.net/releases/v1.0.1680/1.0.1680.3652/logicflows/icon.png","dataSources":["createKommEtikett"],"dependencies":[],"dependents":[],"parameterHints":{"workflowEntityId":{},"workflowName":{"value":"84d89808-b94d-445e-af7e-ee80aa64f1e5"}},"parameterHintsV2":{"workflowEntityId":{},"workflowName":{"value":"84d89808-b94d-445e-af7e-ee80aa64f1e5"}},"isOnPremiseConnection":false,"bypassConsent":false,"dataSets":{},"apiTier":"Standard","isCustomApiConnection":false,"actions":["Run"]},"6df40318-69de-46c8-9199-db08b8f88692":{"id":"32162ee5-2bee-4e4a-9c73-4ebee83addc9","displayName":"Logik-Flows","iconUri":"https://connectoricons-prod.azureedge.net/releases/v1.0.1680/1.0.1680.3652/logicflows/icon.png","dataSources":["getAuftragstatus"],"dependencies":[],"dependents":[],"parameterHints":{"workflowEntityId":{},"workflowName":{"value":"e377237d-41ee-4890-9ead-08cc9bfe7ddd"}},"parameterHintsV2":{"workflowEntityId":{},"workflowName":{"value":"e377237d-41ee-4890-9ead-08cc9bfe7ddd"}},"isOnPremiseConnection":false,"bypassConsent":false,"dataSets":{},"apiTier":"Standard","isCustomApiConnection":false,"actions":["Run"]},"70725c30-9775-454d-8de7-7e3dfcb59812":{"id":"32162ee5-2bee-4e4a-9c73-4ebee83addc9","displayName":"Logik-Flows","iconUri":"https://connectoricons-prod.azureedge.net/releases/v1.0.1680/1.0.1680.3652/logicflows/icon.png","dataSources":["getaktServiceauftrag"],"dependencies":[],"dependents":[],"parameterHints":{"workflowEntityId":{},"workflowName":{"value":"97e47896-87b8-4efc-bd36-e0e0e16d16c3"}},"parameterHintsV2":{"workflowEntityId":{},"workflowName":{"value":"97e47896-87b8-4efc-bd36-e0e0e16d16c3"}},"isOnPremiseConnection":false,"bypassConsent":false,"dataSets":{},"apiTier":"Standard","isCustomApiConnection":false,"actions":["Run"]},"738baa7d-d438-4bf1-8c08-c2bb86745a25":{"id":"32162ee5-2bee-4e4a-9c73-4ebee83addc9","displayName":"Logik-Flows","iconUri":"https://connectoricons-prod.azureedge.net/releases/v1.0.1680/1.0.1680.3652/logicflows/icon.png","dataSources":["setWarenkorbAdressen"],"dependencies":[],"dependents":[],"parameterHints":{"workflowEntityId":{},"workflowName":{"value":"f590b6d6-1318-4715-aa20-ce64740bd7e0"}},"parameterHintsV2":{"workflowEntityId":{},"workflowName":{"value":"f590b6d6-1318-4715-aa20-ce64740bd7e0"}},"isOnPremiseConnection":false,"bypassConsent":false,"dataSets":{},"apiTier":"Standard","isCustomApiConnection":false,"actions":["Run"]},"7788e1ee-3670-49ab-9abd-4006149b25cf":{"id":"32162ee5-2bee-4e4a-9c73-4ebee83addc9","displayName":"Logik-Flows","iconUri":"https://connectoricons-prod.azureedge.net/releases/v1.0.1680/1.0.1680.3652/logicflows/icon.png","dataSources":["createLieferschein"],"dependencies":[],"dependents":[],"parameterHints":{"workflowEntityId":{},"workflowName":{"value":"9995c203-73c4-40c2-91fb-8af1a63aa441"}},"parameterHintsV2":{"workflowEntityId":{},"workflowName":{"value":"9995c203-73c4-40c2-91fb-8af1a63aa441"}},"isOnPremiseConnection":false,"bypassConsent":false,"dataSets":{},"apiTier":"Standard","isCustomApiConnection":false,"actions":["Run"]},"7a95fa97-7d0e-4ef8-a4bb-247eaa627f22":{"id":"32162ee5-2bee-4e4a-9c73-4ebee83addc9","displayName":"Logik-Flows","iconUri":"https://connectoricons-prod.azureedge.net/releases/v1.0.1680/1.0.1680.3652/logicflows/icon.png","dataSources":["getTicketzeiten"],"dependencies":[],"dependents":[],"parameterHints":{"workflowEntityId":{},"workflowName":{"value":"8867241c-a646-4939-9d49-7d079ab95b3d"}},"parameterHintsV2":{"workflowEntityId":{},"workflowName":{"value":"8867241c-a646-4939-9d49-7d079ab95b3d"}},"isOnPremiseConnection":false,"bypassConsent":false,"dataSets":{},"apiTier":"Standard","isCustomApiConnection":false,"actions":["Run"]},"7e04f05f-3223-494d-981b-2ac2c9f56eff":{"id":"32162ee5-2bee-4e4a-9c73-4ebee83addc9","displayName":"Logik-Flows","iconUri":"https://connectoricons-prod.azureedge.net/releases/v1.0.1680/1.0.1680.3652/logicflows/icon.png","dataSources":["getWarenkorbAdressen"],"dependencies":[],"dependents":[],"parameterHints":{"workflowEntityId":{},"workflowName":{"value":"5038e2b3-3662-43a3-a5f4-1c37cf25a9b0"}},"parameterHintsV2":{"workflowEntityId":{},"workflowName":{"value":"5038e2b3-3662-43a3-a5f4-1c37cf25a9b0"}},"isOnPremiseConnection":false,"bypassConsent":false,"dataSets":{},"apiTier":"Standard","isCustomApiConnection":false,"actions":["Run"]},"8250aee5-59a2-4d6a-aa00-2747f7d0f8d7":{"id":"32162ee5-2bee-4e4a-9c73-4ebee83addc9","displayName":"Logik-Flows","iconUri":"https://connectoricons-prod.azureedge.net/releases/v1.0.1680/1.0.1680.3652/logicflows/icon.png","dataSources":["createOrder"],"dependencies":[],"dependents":[],"parameterHints":{"workflowEntityId":{},"workflowName":{"value":"8220d410-584b-41cc-abe3-14f889f8de00"}},"parameterHintsV2":{"workflowEntityId":{},"workflowName":{"value":"8220d410-584b-41cc-abe3-14f889f8de00"}},"isOnPremiseConnection":false,"bypassConsent":false,"dataSets":{},"apiTier":"Standard","isCustomApiConnection":false,"actions":["Run"]},"838f84f6-93ec-4a7c-bf67-0dc3240d109b":{"id":"32162ee5-2bee-4e4a-9c73-4ebee83addc9","displayName":"Logik-Flows","iconUri":"https://connectoricons-prod.azureedge.net/releases/v1.0.1680/1.0.1680.3652/logicflows/icon.png","dataSources":["orderEDI"],"dependencies":[],"dependents":[],"parameterHints":{"workflowEntityId":{},"workflowName":{"value":"ece4458a-b304-41f9-828e-2798070f4c8c"}},"parameterHintsV2":{"workflowEntityId":{},"workflowName":{"value":"ece4458a-b304-41f9-828e-2798070f4c8c"}},"isOnPremiseConnection":false,"bypassConsent":false,"dataSets":{},"apiTier":"Standard","isCustomApiConnection":false,"actions":["Run"]},"8401e816-953b-4f52-bea6-3c081a1942e9":{"id":"32162ee5-2bee-4e4a-9c73-4ebee83addc9","displayName":"Logik-Flows","iconUri":"https://connectoricons-prod.azureedge.net/releases/v1.0.1680/1.0.1680.3652/logicflows/icon.png","dataSources":["getBPositionen"],"dependencies":[],"dependents":[],"parameterHints":{"workflowEntityId":{},"workflowName":{"value":"b455e0cd-cab3-4f3b-a667-afe248697a8f"}},"parameterHintsV2":{"workflowEntityId":{},"workflowName":{"value":"b455e0cd-cab3-4f3b-a667-afe248697a8f"}},"isOnPremiseConnection":false,"bypassConsent":false,"dataSets":{},"apiTier":"Standard","isCustomApiConnection":false,"actions":["Run"]},"8a4984f3-896e-4c52-a13b-ee773d99aab5":{"id":"32162ee5-2bee-4e4a-9c73-4ebee83addc9","displayName":"Logik-Flows","iconUri":"https://connectoricons-prod.azureedge.net/releases/v1.0.1680/1.0.1680.3652/logicflows/icon.png","dataSources":["getTagesueberblick"],"dependencies":[],"dependents":[],"parameterHints":{"workflowEntityId":{},"workflowName":{"value":"4ce0c944-cc62-4093-9c21-19233ec8549d"}},"parameterHintsV2":{"workflowEntityId":{},"workflowName":{"value":"4ce0c944-cc62-4093-9c21-19233ec8549d"}},"isOnPremiseConnection":false,"bypassConsent":false,"dataSets":{},"apiTier":"Standard","isCustomApiConnection":false,"actions":["Run"]},"8b60fd9f-06f3-4e5e-b42c-2cd0ae80669c":{"id":"32162ee5-2bee-4e4a-9c73-4ebee83addc9","displayName":"Logik-Flows","iconUri":"https://connectoricons-prod.azureedge.net/releases/v1.0.1680/1.0.1680.3652/logicflows/icon.png","dataSources":["getUnternehmen"],"dependencies":[],"dependents":[],"parameterHints":{"workflowEntityId":{},"workflowName":{"value":"dd11695e-4560-42ad-aba9-cf48313711fc"}},"parameterHintsV2":{"workflowEntityId":{},"workflowName":{"value":"dd11695e-4560-42ad-aba9-cf48313711fc"}},"isOnPremiseConnection":false,"bypassConsent":false,"dataSets":{},"apiTier":"Standard","isCustomApiConnection":false,"actions":["Run"]},"8b6a6f71-3f13-452d-b98c-7286862de849":{"id":"32162ee5-2bee-4e4a-9c73-4ebee83addc9","displayName":"Logik-Flows","iconUri":"https://connectoricons-prod.azureedge.net/releases/v1.0.1680/1.0.1680.3652/logicflows/icon.png","dataSources":["getHotliner"],"dependencies":[],"dependents":[],"parameterHints":{"workflowEntityId":{},"workflowName":{"value":"2584687e-eeca-4ee2-b9b9-0528bb7fcba3"}},"parameterHintsV2":{"workflowEntityId":{},"workflowName":{"value":"2584687e-eeca-4ee2-b9b9-0528bb7fcba3"}},"isOnPremiseConnection":false,"bypassConsent":false,"dataSets":{},"apiTier":"Standard","isCustomApiConnection":false,"actions":["Run"]},"8dbb7968-db02-494d-bbc8-cb14ad4dd95d":{"id":"32162ee5-2bee-4e4a-9c73-4ebee83addc9","displayName":"Logik-Flows","iconUri":"https://connectoricons-prod.azureedge.net/releases/v1.0.1680/1.0.1680.3652/logicflows/icon.png","dataSources":["setKommissionieren"],"dependencies":[],"dependents":[],"parameterHints":{"workflowEntityId":{},"workflowName":{"value":"9f6522c7-1820-42ea-a0ee-3243c3c83a75"}},"parameterHintsV2":{"workflowEntityId":{},"workflowName":{"value":"9f6522c7-1820-42ea-a0ee-3243c3c83a75"}},"isOnPremiseConnection":false,"bypassConsent":false,"dataSets":{},"apiTier":"Standard","isCustomApiConnection":false,"actions":["Run"]},"8f5e72c0-966f-4346-a3ad-6ceb62c59ae7":{"id":"32162ee5-2bee-4e4a-9c73-4ebee83addc9","displayName":"Logik-Flows","iconUri":"https://connectoricons-prod.azureedge.net/releases/v1.0.1680/1.0.1680.3652/logicflows/icon.png","dataSources":["setTicketStatus"],"dependencies":[],"dependents":[],"parameterHints":{"workflowEntityId":{},"workflowName":{"value":"f22e7651-7691-474e-85fe-6c89e75670fd"}},"parameterHintsV2":{"workflowEntityId":{},"workflowName":{"value":"f22e7651-7691-474e-85fe-6c89e75670fd"}},"isOnPremiseConnection":false,"bypassConsent":false,"dataSets":{},"apiTier":"Standard","isCustomApiConnection":false,"actions":["Run"]},"92e87871-f33c-47f0-b581-402e214b2fa8":{"id":"32162ee5-2bee-4e4a-9c73-4ebee83addc9","displayName":"Logik-Flows","iconUri":"https://connectoricons-prod.azureedge.net/releases/v1.0.1680/1.0.1680.3652/logicflows/icon.png","dataSources":["getRueckstand"],"dependencies":[],"dependents":[],"parameterHints":{"workflowEntityId":{},"workflowName":{"value":"e76b5db4-8c78-4f68-acb4-023c0eb7a5eb"}},"parameterHintsV2":{"workflowEntityId":{},"workflowName":{"value":"e76b5db4-8c78-4f68-acb4-023c0eb7a5eb"}},"isOnPremiseConnection":false,"bypassConsent":false,"dataSets":{},"apiTier":"Standard","isCustomApiConnection":false,"actions":["Run"]},"93d86f67-062c-424f-9b15-8ab974e9a2fe":{"id":"32162ee5-2bee-4e4a-9c73-4ebee83addc9","displayName":"Logik-Flows","iconUri":"https://connectoricons-prod.azureedge.net/releases/v1.0.1680/1.0.1680.3652/logicflows/icon.png","dataSources":["getPausen"],"dependencies":[],"dependents":[],"parameterHints":{"workflowEntityId":{},"workflowName":{"value":"735c185e-6ae3-44a4-a3b8-13085bfa6157"}},"parameterHintsV2":{"workflowEntityId":{},"workflowName":{"value":"735c185e-6ae3-44a4-a3b8-13085bfa6157"}},"isOnPremiseConnection":false,"bypassConsent":false,"dataSets":{},"apiTier":"Standard","isCustomApiConnection":false,"actions":["Run"]},"9688a721-13f7-4a3a-b29e-65c88723fa19":{"id":"32162ee5-2bee-4e4a-9c73-4ebee83addc9","displayName":"Logik-Flows","iconUri":"https://connectoricons-prod.azureedge.net/releases/v1.0.1680/1.0.1680.3652/logicflows/icon.png","dataSources":["setManuelleZeit"],"dependencies":[],"dependents":[],"parameterHints":{"workflowEntityId":{},"workflowName":{"value":"5baf0743-6306-4218-a7fc-71579a8dbeec"}},"parameterHintsV2":{"workflowEntityId":{},"workflowName":{"value":"5baf0743-6306-4218-a7fc-71579a8dbeec"}},"isOnPremiseConnection":false,"bypassConsent":false,"dataSets":{},"apiTier":"Standard","isCustomApiConnection":false,"actions":["Run"]},"97a98da1-293e-4a47-aea5-ab8c33ef8674":{"id":"32162ee5-2bee-4e4a-9c73-4ebee83addc9","displayName":"Logik-Flows","iconUri":"https://connectoricons-prod.azureedge.net/releases/v1.0.1680/1.0.1680.3652/logicflows/icon.png","dataSources":["getTicketSteuerfile"],"dependencies":[],"dependents":[],"parameterHints":{"workflowEntityId":{},"workflowName":{"value":"011d3b2f-e61d-40de-ad1a-92bec83e273f"}},"parameterHintsV2":{"workflowEntityId":{},"workflowName":{"value":"011d3b2f-e61d-40de-ad1a-92bec83e273f"}},"isOnPremiseConnection":false,"bypassConsent":false,"dataSets":{},"apiTier":"Standard","isCustomApiConnection":false,"actions":["Run"]},"98677b73-d893-410c-981a-7456122ffed9":{"id":"32162ee5-2bee-4e4a-9c73-4ebee83addc9","displayName":"Logik-Flows","iconUri":"https://connectoricons-prod.azureedge.net/releases/v1.0.1680/1.0.1680.3652/logicflows/icon.png","dataSources":["getProduktbereich"],"dependencies":[],"dependents":[],"parameterHints":{"workflowEntityId":{},"workflowName":{"value":"2348f14a-e37b-4ba1-903b-2ffa474b9bf9"}},"parameterHintsV2":{"workflowEntityId":{},"workflowName":{"value":"2348f14a-e37b-4ba1-903b-2ffa474b9bf9"}},"isOnPremiseConnection":false,"bypassConsent":false,"dataSets":{},"apiTier":"Standard","isCustomApiConnection":false,"actions":["Run"]},"9d4f7248-4d0a-411e-841a-3fc6f95532a9":{"id":"32162ee5-2bee-4e4a-9c73-4ebee83addc9","displayName":"Logik-Flows","iconUri":"https://connectoricons-prod.azureedge.net/releases/v1.0.1680/1.0.1680.3652/logicflows/icon.png","dataSources":["getTechniker"],"dependencies":[],"dependents":[],"parameterHints":{"workflowEntityId":{},"workflowName":{"value":"c755cb43-e1ff-4c84-8456-2b00d743301d"}},"parameterHintsV2":{"workflowEntityId":{},"workflowName":{"value":"c755cb43-e1ff-4c84-8456-2b00d743301d"}},"isOnPremiseConnection":false,"bypassConsent":false,"dataSets":{},"apiTier":"Standard","isCustomApiConnection":false,"actions":["Run"]},"a10e8786-a5fe-4787-9662-ddce8ace21f5":{"id":"32162ee5-2bee-4e4a-9c73-4ebee83addc9","displayName":"Logik-Flows","iconUri":"https://connectoricons-prod.azureedge.net/releases/v1.0.1680/1.0.1680.3652/logicflows/icon.png","dataSources":["getIDNR"],"dependencies":[],"dependents":[],"parameterHints":{"workflowEntityId":{},"workflowName":{"value":"1728dbde-d8a1-4a43-9fb9-f567487772fa"}},"parameterHintsV2":{"workflowEntityId":{},"workflowName":{"value":"1728dbde-d8a1-4a43-9fb9-f567487772fa"}},"isOnPremiseConnection":false,"bypassConsent":false,"dataSets":{},"apiTier":"Standard","isCustomApiConnection":false,"actions":["Run"]},"ab96997e-7f5f-4f17-b067-13ba2567defb":{"id":"32162ee5-2bee-4e4a-9c73-4ebee83addc9","displayName":"Logik-Flows","iconUri":"https://connectoricons-prod.azureedge.net/releases/v1.0.1680/1.0.1680.3652/logicflows/icon.png","dataSources":["getTicketArtikel"],"dependencies":[],"dependents":[],"parameterHints":{"workflowEntityId":{},"workflowName":{"value":"7b832f85-7f39-4395-b2dc-fbda87a05080"}},"parameterHintsV2":{"workflowEntityId":{},"workflowName":{"value":"7b832f85-7f39-4395-b2dc-fbda87a05080"}},"isOnPremiseConnection":false,"bypassConsent":false,"dataSets":{},"apiTier":"Standard","isCustomApiConnection":false,"actions":["Run"]},"abcf72a9-da38-492a-896f-ca33c1524b8e":{"id":"32162ee5-2bee-4e4a-9c73-4ebee83addc9","displayName":"Logik-Flows","iconUri":"https://connectoricons-prod.azureedge.net/releases/v1.0.1680/1.0.1680.3652/logicflows/icon.png","dataSources":["getKunden"],"dependencies":[],"dependents":[],"parameterHints":{"workflowEntityId":{},"workflowName":{"value":"de6c88f7-4aeb-4a86-ad13-5c480a78f32c"}},"parameterHintsV2":{"workflowEntityId":{},"workflowName":{"value":"de6c88f7-4aeb-4a86-ad13-5c480a78f32c"}},"isOnPremiseConnection":false,"bypassConsent":false,"dataSets":{},"apiTier":"Standard","isCustomApiConnection":false,"actions":["Run"]},"ae66f059-5587-4bfe-b1b9-938536a95e80":{"id":"32162ee5-2bee-4e4a-9c73-4ebee83addc9","displayName":"Logik-Flows","iconUri":"https://connectoricons-prod.azureedge.net/releases/v1.0.1680/1.0.1680.3652/logicflows/icon.png","dataSources":["getPositionen"],"dependencies":[],"dependents":[],"parameterHints":{"workflowEntityId":{},"workflowName":{"value":"cb7ed1da-f9ab-4cae-b08b-05e3c5e9530a"}},"parameterHintsV2":{"workflowEntityId":{},"workflowName":{"value":"cb7ed1da-f9ab-4cae-b08b-05e3c5e9530a"}},"isOnPremiseConnection":false,"bypassConsent":false,"dataSets":{},"apiTier":"Standard","isCustomApiConnection":false,"actions":["Run"]},"b02e433d-e864-42e2-854d-6a6037434f46":{"id":"32162ee5-2bee-4e4a-9c73-4ebee83addc9","displayName":"Logik-Flows","iconUri":"https://connectoricons-prod.azureedge.net/releases/v1.0.1680/1.0.1680.3652/logicflows/icon.png","dataSources":["getTagesDiagramm"],"dependencies":[],"dependents":[],"parameterHints":{"workflowEntityId":{},"workflowName":{"value":"7b37fac9-60b0-44b8-a8e8-20b1c32d8f5c"}},"parameterHintsV2":{"workflowEntityId":{},"workflowName":{"value":"7b37fac9-60b0-44b8-a8e8-20b1c32d8f5c"}},"isOnPremiseConnection":false,"bypassConsent":false,"dataSets":{},"apiTier":"Standard","isCustomApiConnection":false,"actions":["Run"]},"bbcbbb45-7e94-4571-829f-138809ce4d11":{"id":"32162ee5-2bee-4e4a-9c73-4ebee83addc9","displayName":"Logik-Flows","iconUri":"https://connectoricons-prod.azureedge.net/releases/v1.0.1680/1.0.1680.3652/logicflows/icon.png","dataSources":["setAuftragbeenden"],"dependencies":[],"dependents":[],"parameterHints":{"workflowEntityId":{},"workflowName":{"value":"bc37fc51-e71c-4c29-ad0a-c332762ceb27"}},"parameterHintsV2":{"workflowEntityId":{},"workflowName":{"value":"bc37fc51-e71c-4c29-ad0a-c332762ceb27"}},"isOnPremiseConnection":false,"bypassConsent":false,"dataSets":{},"apiTier":"Standard","isCustomApiConnection":false,"actions":["Run"]},"c0d8833e-a524-4263-9b2d-d8d949fcb1db":{"id":"32162ee5-2bee-4e4a-9c73-4ebee83addc9","displayName":"Logik-Flows","iconUri":"https://connectoricons-prod.azureedge.net/releases/v1.0.1680/1.0.1680.3652/logicflows/icon.png","dataSources":["getWarenkorb_Artikel"],"dependencies":[],"dependents":[],"parameterHints":{"workflowEntityId":{},"workflowName":{"value":"de3f53b5-6759-417b-8fab-e26956714fbb"}},"parameterHintsV2":{"workflowEntityId":{},"workflowName":{"value":"de3f53b5-6759-417b-8fab-e26956714fbb"}},"isOnPremiseConnection":false,"bypassConsent":false,"dataSets":{},"apiTier":"Standard","isCustomApiConnection":false,"actions":["Run"]},"c20325be-e060-4927-9e58-e2c6450b3f8f":{"id":"32162ee5-2bee-4e4a-9c73-4ebee83addc9","displayName":"Logik-Flows","iconUri":"https://connectoricons-prod.azureedge.net/releases/v1.0.1680/1.0.1680.3652/logicflows/icon.png","dataSources":["modTageszeit"],"dependencies":[],"dependents":[],"parameterHints":{"workflowEntityId":{},"workflowName":{"value":"03d02908-27df-431b-bf3e-632ef3245dfe"}},"parameterHintsV2":{"workflowEntityId":{},"workflowName":{"value":"03d02908-27df-431b-bf3e-632ef3245dfe"}},"isOnPremiseConnection":false,"bypassConsent":false,"dataSets":{},"apiTier":"Standard","isCustomApiConnection":false,"actions":["Run"]},"c21a4497-62b4-4ad6-b84a-885395e6460a":{"id":"32162ee5-2bee-4e4a-9c73-4ebee83addc9","displayName":"Logik-Flows","iconUri":"https://connectoricons-prod.azureedge.net/releases/v1.0.1680/1.0.1680.3652/logicflows/icon.png","dataSources":["getWarteraum"],"dependencies":[],"dependents":[],"parameterHints":{"workflowEntityId":{},"workflowName":{"value":"b2691d91-f572-4265-916c-05360c2c0726"}},"parameterHintsV2":{"workflowEntityId":{},"workflowName":{"value":"b2691d91-f572-4265-916c-05360c2c0726"}},"isOnPremiseConnection":false,"bypassConsent":false,"dataSets":{},"apiTier":"Standard","isCustomApiConnection":false,"actions":["Run"]},"c507861d-cd18-4086-8e3c-5c349720830a":{"id":"32162ee5-2bee-4e4a-9c73-4ebee83addc9","displayName":"Logik-Flows","iconUri":"https://connectoricons-prod.azureedge.net/releases/v1.0.1680/1.0.1680.3652/logicflows/icon.png","dataSources":["setWarenkorb"],"dependencies":[],"dependents":[],"parameterHints":{"workflowEntityId":{},"workflowName":{"value":"5275dfc2-b085-4b61-af96-752854bce70c"}},"parameterHintsV2":{"workflowEntityId":{},"workflowName":{"value":"5275dfc2-b085-4b61-af96-752854bce70c"}},"isOnPremiseConnection":false,"bypassConsent":false,"dataSets":{},"apiTier":"Standard","isCustomApiConnection":false,"actions":["Run"]},"c9f1b9ef-1ddc-4401-8dfd-f0c6dddfa6fc":{"id":"32162ee5-2bee-4e4a-9c73-4ebee83addc9","displayName":"Logik-Flows","iconUri":"https://connectoricons-prod.azureedge.net/releases/v1.0.1680/1.0.1680.3652/logicflows/icon.png","dataSources":["getAuftragszeiten"],"dependencies":[],"dependents":[],"parameterHints":{"workflowEntityId":{},"workflowName":{"value":"ef9be85e-a8be-4087-95f2-c04f8aa0b39c"}},"parameterHintsV2":{"workflowEntityId":{},"workflowName":{"value":"ef9be85e-a8be-4087-95f2-c04f8aa0b39c"}},"isOnPremiseConnection":false,"bypassConsent":false,"dataSets":{},"apiTier":"Standard","isCustomApiConnection":false,"actions":["Run"]},"cc3965d4-8a54-4c75-8c25-1d524a8ab208":{"id":"32162ee5-2bee-4e4a-9c73-4ebee83addc9","displayName":"Logik-Flows","iconUri":"https://connectoricons-prod.azureedge.net/releases/v1.0.1680/1.0.1680.3652/logicflows/icon.png","dataSources":["getTicketStatus"],"dependencies":[],"dependents":[],"parameterHints":{"workflowEntityId":{},"workflowName":{"value":"25fe2daa-768e-4096-845c-234350e71174"}},"parameterHintsV2":{"workflowEntityId":{},"workflowName":{"value":"25fe2daa-768e-4096-845c-234350e71174"}},"isOnPremiseConnection":false,"bypassConsent":false,"dataSets":{},"apiTier":"Standard","isCustomApiConnection":false,"actions":["Run"]},"cf6f543e-6306-4634-a26b-d176e798037f":{"id":"32162ee5-2bee-4e4a-9c73-4ebee83addc9","displayName":"Logik-Flows","iconUri":"https://connectoricons-prod.azureedge.net/releases/v1.0.1680/1.0.1680.3652/logicflows/icon.png","dataSources":["setBehebung"],"dependencies":[],"dependents":[],"parameterHints":{"workflowEntityId":{},"workflowName":{"value":"6c53ac0e-5042-42b4-9381-0545852f6279"}},"parameterHintsV2":{"workflowEntityId":{},"workflowName":{"value":"6c53ac0e-5042-42b4-9381-0545852f6279"}},"isOnPremiseConnection":false,"bypassConsent":false,"dataSets":{},"apiTier":"Standard","isCustomApiConnection":false,"actions":["Run"]},"cfbfc80d-2dd2-4013-8d18-66f9cbf952b7":{"id":"32162ee5-2bee-4e4a-9c73-4ebee83addc9","displayName":"Logik-Flows","iconUri":"https://connectoricons-prod.azureedge.net/releases/v1.0.1680/1.0.1680.3652/logicflows/icon.png","dataSources":["setWarenkorbArtikel"],"dependencies":[],"dependents":[],"parameterHints":{"workflowEntityId":{},"workflowName":{"value":"ded76807-bcd6-43a4-9143-69713116a017"}},"parameterHintsV2":{"workflowEntityId":{},"workflowName":{"value":"ded76807-bcd6-43a4-9143-69713116a017"}},"isOnPremiseConnection":false,"bypassConsent":false,"dataSets":{},"apiTier":"Standard","isCustomApiConnection":false,"actions":["Run"]},"d1da9ed4-a3ea-404a-a27c-c63c157bd1a8":{"id":"32162ee5-2bee-4e4a-9c73-4ebee83addc9","displayName":"Logik-Flows","iconUri":"https://connectoricons-prod.azureedge.net/releases/v1.0.1680/1.0.1680.3652/logicflows/icon.png","dataSources":["getWarenkorb"],"dependencies":[],"dependents":[],"parameterHints":{"workflowEntityId":{},"workflowName":{"value":"386e092f-abb9-4400-bfde-5b72c4bcfc37"}},"parameterHintsV2":{"workflowEntityId":{},"workflowName":{"value":"386e092f-abb9-4400-bfde-5b72c4bcfc37"}},"isOnPremiseConnection":false,"bypassConsent":false,"dataSets":{},"apiTier":"Standard","isCustomApiConnection":false,"actions":["Run"]},"d3c67032-ee42-484d-a9f5-42b20a12f478":{"id":"32162ee5-2bee-4e4a-9c73-4ebee83addc9","displayName":"Logik-Flows","iconUri":"https://connectoricons-prod.azureedge.net/releases/v1.0.1680/1.0.1680.3652/logicflows/icon.png","dataSources":["setMailsenden"],"dependencies":[],"dependents":[],"parameterHints":{"workflowEntityId":{},"workflowName":{"value":"586ca994-56a2-4033-a06e-f7a887f8e4a2"}},"parameterHintsV2":{"workflowEntityId":{},"workflowName":{"value":"586ca994-56a2-4033-a06e-f7a887f8e4a2"}},"isOnPremiseConnection":false,"bypassConsent":false,"dataSets":{},"apiTier":"Standard","isCustomApiConnection":false,"actions":["Run"]},"e092dc5d-0561-4815-a9b5-97ffe0a2c6bb":{"id":"32162ee5-2bee-4e4a-9c73-4ebee83addc9","displayName":"Logik-Flows","iconUri":"https://connectoricons-prod.azureedge.net/releases/v1.0.1680/1.0.1680.3652/logicflows/icon.png","dataSources":["getArtikel"],"dependencies":[],"dependents":[],"parameterHints":{"workflowEntityId":{},"workflowName":{"value":"87624704-1210-4dee-b352-9a53f07b3c5b"}},"parameterHintsV2":{"workflowEntityId":{},"workflowName":{"value":"87624704-1210-4dee-b352-9a53f07b3c5b"}},"isOnPremiseConnection":false,"bypassConsent":false,"dataSets":{},"apiTier":"Standard","isCustomApiConnection":false,"actions":["Run"]},"ebe5761e-cee8-431c-80d0-54356e1aa581":{"id":"32162ee5-2bee-4e4a-9c73-4ebee83addc9","displayName":"Logik-Flows","iconUri":"https://connectoricons-prod.azureedge.net/releases/v1.0.1680/1.0.1680.3652/logicflows/icon.png","dataSources":["getaktTagesstatus"],"dependencies":[],"dependents":[],"parameterHints":{"workflowEntityId":{},"workflowName":{"value":"00b7bfa5-e040-49ad-974e-052c2f54a0f8"}},"parameterHintsV2":{"workflowEntityId":{},"workflowName":{"value":"00b7bfa5-e040-49ad-974e-052c2f54a0f8"}},"isOnPremiseConnection":false,"bypassConsent":false,"dataSets":{},"apiTier":"Standard","isCustomApiConnection":false,"actions":["Run"]},"f433b2c5-ca2f-41ec-98d9-640c703a2cc9":{"id":"32162ee5-2bee-4e4a-9c73-4ebee83addc9","displayName":"Logik-Flows","iconUri":"https://connectoricons-prod.azureedge.net/releases/v1.0.1680/1.0.1680.3652/logicflows/icon.png","dataSources":["setLRueckstand"],"dependencies":[],"dependents":[],"parameterHints":{"workflowEntityId":{},"workflowName":{"value":"8df10e97-09cc-4b4b-8961-b1d87e7b5fa7"}},"parameterHintsV2":{"workflowEntityId":{},"workflowName":{"value":"8df10e97-09cc-4b4b-8961-b1d87e7b5fa7"}},"isOnPremiseConnection":false,"bypassConsent":false,"dataSets":{},"apiTier":"Standard","isCustomApiConnection":false,"actions":["Run"]},"f5895066-1cf1-4298-a675-064c28a9c4e0":{"id":"32162ee5-2bee-4e4a-9c73-4ebee83addc9","displayName":"Logik-Flows","iconUri":"https://connectoricons-prod.azureedge.net/releases/v1.0.1680/1.0.1680.3652/logicflows/icon.png","dataSources":["getWorkflows"],"dependencies":[],"dependents":[],"parameterHints":{"workflowEntityId":{},"workflowName":{"value":"5a1da5d5-50df-4dfc-975f-c82a4ecd1bf7"}},"parameterHintsV2":{"workflowEntityId":{},"workflowName":{"value":"5a1da5d5-50df-4dfc-975f-c82a4ecd1bf7"}},"isOnPremiseConnection":false,"bypassConsent":false,"dataSets":{},"apiTier":"Standard","isCustomApiConnection":false,"actions":["Run"]},"f8c74d61-5dea-47ac-bef9-6aa2b26ac9d5":{"id":"32162ee5-2bee-4e4a-9c73-4ebee83addc9","displayName":"Logik-Flows","iconUri":"https://connectoricons-prod.azureedge.net/releases/v1.0.1680/1.0.1680.3652/logicflows/icon.png","dataSources":["createTicket"],"dependencies":[],"dependents":[],"parameterHints":{"workflowEntityId":{},"workflowName":{"value":"1c04ba61-b09a-4e84-9546-71f640f11261"}},"parameterHintsV2":{"workflowEntityId":{},"workflowName":{"value":"1c04ba61-b09a-4e84-9546-71f640f11261"}},"isOnPremiseConnection":false,"bypassConsent":false,"dataSets":{},"apiTier":"Standard","isCustomApiConnection":false,"actions":["Run"]},"03a36122-23d6-4ff4-bb21-eaf252844d9d":{"id":"32162ee5-2bee-4e4a-9c73-4ebee83addc9","displayName":"Logik-Flows","iconUri":"https://connectoricons-prod.azureedge.net/releases/v1.0.1680/1.0.1680.3652/logicflows/icon.png","dataSources":["getTicketKundenHistorie"],"dependencies":[],"dependents":[],"parameterHints":{"workflowName":{"value":"f232802e-a8ef-484c-8964-f72d3e334913"},"workflowEntityId":{}},"parameterHintsV2":{"workflowName":{"value":"f232802e-a8ef-484c-8964-f72d3e334913"},"workflowEntityId":{}},"isOnPremiseConnection":false,"bypassConsent":false,"dataSets":{},"apiTier":"Standard","isCustomApiConnection":false,"actions":["Run"]},"66dd6f11-3b17-4135-8ed4-c9410a3a7197":{"id":"32162ee5-2bee-4e4a-9c73-4ebee83addc9","displayName":"Logik-Flows","iconUri":"https://connectoricons-prod.azureedge.net/releases/v1.0.1680/1.0.1680.3652/logicflows/icon.png","dataSources":["updKunden"],"dependencies":[],"dependents":[],"parameterHints":{"workflowName":{"value":"c10afd9c-8ab7-4798-895e-e804bd261b3a"},"workflowEntityId":{}},"parameterHintsV2":{"workflowName":{"value":"c10afd9c-8ab7-4798-895e-e804bd261b3a"},"workflowEntityId":{}},"isOnPremiseConnection":false,"bypassConsent":false,"dataSets":{},"apiTier":"Standard","isCustomApiConnection":false,"actions":["Run"]},"2b1adfe6-a92a-4250-b15d-6e9453bd7b1b":{"id":"32162ee5-2bee-4e4a-9c73-4ebee83addc9","displayName":"Logik-Flows","iconUri":"https://connectoricons-prod.azureedge.net/releases/v1.0.1680/1.0.1680.3652/logicflows/icon.png","dataSources":["createBestellvorschlag"],"dependencies":[],"dependents":[],"parameterHints":{"workflowName":{"value":"88f70c0e-8cd4-4d11-824a-42b970db14db"},"workflowEntityId":{}},"parameterHintsV2":{"workflowName":{"value":"88f70c0e-8cd4-4d11-824a-42b970db14db"},"workflowEntityId":{}},"isOnPremiseConnection":false,"bypassConsent":false,"dataSets":{},"apiTier":"Standard","isCustomApiConnection":false,"actions":["Run"]},"8993e241-acaf-46c5-b57b-135fbd3ddc68":{"id":"32162ee5-2bee-4e4a-9c73-4ebee83addc9","displayName":"Logik-Flows","iconUri":"https://connectoricons-prod.azureedge.net/releases/v1.0.1680/1.0.1680.3652/logicflows/icon.png","dataSources":["getArtikelLieferanten"],"dependencies":[],"dependents":[],"parameterHints":{"workflowName":{"value":"2f40a43d-2b72-46de-b711-3fbbffad624f"},"workflowEntityId":{}},"parameterHintsV2":{"workflowName":{"value":"2f40a43d-2b72-46de-b711-3fbbffad624f"},"workflowEntityId":{}},"isOnPremiseConnection":false,"bypassConsent":false,"dataSets":{},"apiTier":"Standard","isCustomApiConnection":false,"actions":["Run"]},"98dcda8f-2dc9-4c00-97da-c603873b63bf":{"id":"32162ee5-2bee-4e4a-9c73-4ebee83addc9","displayName":"Logik-Flows","iconUri":"https://connectoricons-prod.azureedge.net/releases/v1.0.1680/1.0.1680.3652/logicflows/icon.png","dataSources":["setBestellvorschlag"],"dependencies":[],"dependents":[],"parameterHints":{"workflowName":{"value":"b847855c-7a4b-4e95-a596-d803e42a9e71"},"workflowEntityId":{}},"parameterHintsV2":{"workflowName":{"value":"b847855c-7a4b-4e95-a596-d803e42a9e71"},"workflowEntityId":{}},"isOnPremiseConnection":false,"bypassConsent":false,"dataSets":{},"apiTier":"Standard","isCustomApiConnection":false,"actions":["Run"]},"ae751915-1eee-45a9-94e5-8aac58489cb3":{"id":"32162ee5-2bee-4e4a-9c73-4ebee83addc9","displayName":"Logik-Flows","iconUri":"https://connectoricons-prod.azureedge.net/releases/v1.0.1680/1.0.1680.3652/logicflows/icon.png","dataSources":["getBestellvorschlag"],"dependencies":[],"dependents":[],"parameterHints":{"workflowName":{"value":"ae6baecc-5809-4767-b323-83417a8023f9"},"workflowEntityId":{}},"parameterHintsV2":{"workflowName":{"value":"ae6baecc-5809-4767-b323-83417a8023f9"},"workflowEntityId":{}},"isOnPremiseConnection":false,"bypassConsent":false,"dataSets":{},"apiTier":"Standard","isCustomApiConnection":false,"actions":["Run"]},"4c304dca-e5bc-42f9-8cc5-fe2d96c60b74":{"id":"32162ee5-2bee-4e4a-9c73-4ebee83addc9","displayName":"Logik-Flows","iconUri":"https://connectoricons-prod.azureedge.net/releases/v1.0.1680/1.0.1680.3652/logicflows/icon.png","dataSources":["getLieferanten"],"dependencies":[],"dependents":[],"parameterHints":{"workflowName":{"value":"dfbd67ea-003f-413e-b11b-92fcb1ed553f"},"workflowEntityId":{}},"parameterHintsV2":{"workflowName":{"value":"dfbd67ea-003f-413e-b11b-92fcb1ed553f"},"workflowEntityId":{}},"isOnPremiseConnection":false,"bypassConsent":false,"dataSets":{},"apiTier":"Standard","isCustomApiConnection":false,"actions":["Run"]},"a12e8b6a-af14-476d-ad33-de6f678a64de":{"id":"32162ee5-2bee-4e4a-9c73-4ebee83addc9","displayName":"Logik-Flows","iconUri":"https://connectoricons-prod.azureedge.net/releases/v1.0.1680/1.0.1680.3652/logicflows/icon.png","dataSources":["setLfLieferungen"],"dependencies":[],"dependents":[],"parameterHints":{"workflowName":{"value":"17c79140-783e-4d18-848c-b62cf770d3b3"},"workflowEntityId":{}},"parameterHintsV2":{"workflowName":{"value":"17c79140-783e-4d18-848c-b62cf770d3b3"},"workflowEntityId":{}},"isOnPremiseConnection":false,"bypassConsent":false,"dataSets":{},"apiTier":"Standard","isCustomApiConnection":false,"actions":["Run"]},"43745400-e183-48b8-80dc-741514a947cf":{"id":"32162ee5-2bee-4e4a-9c73-4ebee83addc9","displayName":"Logik-Flows","iconUri":"https://connectoricons-prod.azureedge.net/releases/v1.0.1680/1.0.1680.3652/logicflows/icon.png","dataSources":["getLfLieferungen"],"dependencies":[],"dependents":[],"parameterHints":{"workflowName":{"value":"d21ba89b-6f8d-477c-abe3-45290734c92d"},"workflowEntityId":{}},"parameterHintsV2":{"workflowName":{"value":"d21ba89b-6f8d-477c-abe3-45290734c92d"},"workflowEntityId":{}},"isOnPremiseConnection":false,"bypassConsent":false,"dataSets":{},"apiTier":"Standard","isCustomApiConnection":false,"actions":["Run"]},"c33de3bc-bc8f-4e24-8d12-33ddf3932bc9":{"id":"32162ee5-2bee-4e4a-9c73-4ebee83addc9","displayName":"Logik-Flows","iconUri":"https://connectoricons-prod.azureedge.net/releases/v1.0.1680/1.0.1680.3652/logicflows/icon.png","dataSources":["getServiceauftrag"],"dependencies":[],"dependents":[],"parameterHints":{"workflowName":{"value":"575ddfb0-a6e2-4f2e-91fd-11f891c6d92e"},"workflowEntityId":{}},"parameterHintsV2":{"workflowName":{"value":"575ddfb0-a6e2-4f2e-91fd-11f891c6d92e"},"workflowEntityId":{}},"isOnPremiseConnection":false,"bypassConsent":false,"dataSets":{},"apiTier":"Standard","isCustomApiConnection":false,"actions":["Run"]},"9ba91b0c-b5fb-4152-908f-9ae90a6f984f":{"id":"32162ee5-2bee-4e4a-9c73-4ebee83addc9","displayName":"Logik-Flows","iconUri":"https://connectoricons-prod.azureedge.net/releases/v1.0.1680/1.0.1680.3652/logicflows/icon.png","dataSources":["createRechnung"],"dependencies":[],"dependents":[],"parameterHints":{"workflowName":{"value":"e00dac46-87f2-4cfe-9afc-63db4f5aa603"},"workflowEntityId":{}},"parameterHintsV2":{"workflowName":{"value":"e00dac46-87f2-4cfe-9afc-63db4f5aa603"},"workflowEntityId":{}},"isOnPremiseConnection":false,"bypassConsent":false,"dataSets":{},"apiTier":"Standard","isCustomApiConnection":false,"actions":["Run"]},"4b62d218-d8a5-43af-80a4-a2754b068e08":{"id":"32162ee5-2bee-4e4a-9c73-4ebee83addc9","displayName":"Logik-Flows","iconUri":"https://connectoricons-prod.azureedge.net/releases/v1.0.1680/1.0.1680.3652/logicflows/icon.png","dataSources":["getBasisdaten"],"dependencies":[],"dependents":[],"parameterHints":{"workflowName":{"value":"303b4118-4cb8-4de3-b345-4457e33d372c"},"workflowEntityId":{}},"parameterHintsV2":{"workflowName":{"value":"303b4118-4cb8-4de3-b345-4457e33d372c"},"workflowEntityId":{}},"isOnPremiseConnection":false,"bypassConsent":false,"dataSets":{},"apiTier":"Standard","isCustomApiConnection":false,"actions":["Run"]},"61e73c15-fcf8-47be-a740-b1f8c9cfd44b":{"id":"32162ee5-2bee-4e4a-9c73-4ebee83addc9","displayName":"Logik-Flows","iconUri":"https://connectoricons-prod.azureedge.net/releases/v1.0.1680/1.0.1680.3652/logicflows/icon.png","dataSources":["setZaehler"],"dependencies":[],"dependents":[],"parameterHints":{"workflowName":{"value":"e34cb13b-de56-440a-b228-2c66d8fe013b"},"workflowEntityId":{}},"parameterHintsV2":{"workflowName":{"value":"e34cb13b-de56-440a-b228-2c66d8fe013b"},"workflowEntityId":{}},"isOnPremiseConnection":false,"bypassConsent":false,"dataSets":{},"apiTier":"Standard","isCustomApiConnection":false,"actions":["Run"]},"b8f86bd1-58a1-4edc-91f7-cd6faf2a44b8":{"id":"32162ee5-2bee-4e4a-9c73-4ebee83addc9","displayName":"Logik-Flows","iconUri":"https://connectoricons-prod.azureedge.net/releases/v1.0.1680/1.0.1680.3652/logicflows/icon.png","dataSources":["getServiceauftrag3"],"dependencies":[],"dependents":[],"parameterHints":{"workflowName":{"value":"faceb98b-ac16-4aaa-9c08-0b15f963e33b"},"workflowEntityId":{}},"parameterHintsV2":{"workflowName":{"value":"faceb98b-ac16-4aaa-9c08-0b15f963e33b"},"workflowEntityId":{}},"isOnPremiseConnection":false,"bypassConsent":false,"dataSets":{},"apiTier":"Standard","isCustomApiConnection":false,"actions":["Run"]},"ad12b1d8-de63-4b3d-917c-273c3262c70e":{"id":"32162ee5-2bee-4e4a-9c73-4ebee83addc9","displayName":"Logik-Flows","iconUri":"https://connectoricons-prod.azureedge.net/releases/v1.0.1680/1.0.1680.3652/logicflows/icon.png","dataSources":["getZaehler"],"dependencies":[],"dependents":[],"parameterHints":{"workflowName":{"value":"bfa12330-e7f0-4660-9424-b7e517909bc7"},"workflowEntityId":{}},"parameterHintsV2":{"workflowName":{"value":"bfa12330-e7f0-4660-9424-b7e517909bc7"},"workflowEntityId":{}},"isOnPremiseConnection":false,"bypassConsent":false,"dataSets":{},"apiTier":"Standard","isCustomApiConnection":false,"actions":["Run"]},"1d3f5831-621f-4dc3-87ab-4b7919183a2a":{"id":"32162ee5-2bee-4e4a-9c73-4ebee83addc9","displayName":"Logik-Flows","iconUri":"https://connectoricons-prod.azureedge.net/releases/v1.0.1680/1.0.1680.3652/logicflows/icon.png","dataSources":["getWWPositionen"],"dependencies":[],"dependents":[],"parameterHints":{"workflowName":{"value":"c0f53051-7ee5-4d8d-bb5d-3104668a4b1a"},"workflowEntityId":{}},"parameterHintsV2":{"workflowName":{"value":"c0f53051-7ee5-4d8d-bb5d-3104668a4b1a"},"workflowEntityId":{}},"isOnPremiseConnection":false,"bypassConsent":false,"dataSets":{},"apiTier":"Standard","isCustomApiConnection":false,"actions":["Run"]},"c8c52437-11fd-4210-a449-9b1cf3f75bc8":{"id":"32162ee5-2bee-4e4a-9c73-4ebee83addc9","displayName":"Logik-Flows","iconUri":"https://connectoricons-prod.azureedge.net/releases/v1.0.1680/1.0.1680.3652/logicflows/icon.png","dataSources":["setWWPreise"],"dependencies":[],"dependents":[],"parameterHints":{"workflowName":{"value":"798f6268-7362-441d-9611-950049511212"},"workflowEntityId":{}},"parameterHintsV2":{"workflowName":{"value":"798f6268-7362-441d-9611-950049511212"},"workflowEntityId":{}},"isOnPremiseConnection":false,"bypassConsent":false,"dataSets":{},"apiTier":"Standard","isCustomApiConnection":false,"actions":["Run"]},"078d8813-5dc3-410a-bf80-cd8f0f96a07f":{"id":"32162ee5-2bee-4e4a-9c73-4ebee83addc9","displayName":"Logik-Flows","iconUri":"https://connectoricons-prod.azureedge.net/releases/v1.0.1680/1.0.1680.3652/logicflows/icon.png","dataSources":["getEArtikel"],"dependencies":[],"dependents":[],"parameterHints":{"workflowName":{"value":"43ce74dc-6461-4bc7-945b-517706610d30"},"workflowEntityId":{},"workflowDisplayName":{"value":"getEArtikel"}},"parameterHintsV2":{"workflowName":{"value":"43ce74dc-6461-4bc7-945b-517706610d30"},"workflowEntityId":{},"workflowDisplayName":{"value":"getEArtikel"}},"isOnPremiseConnection":false,"bypassConsent":false,"dataSets":{},"apiTier":"Standard","isCustomApiConnection":false,"actions":["Run"]},"6da6147f-49ba-47ae-8982-8decbd068a39":{"id":"32162ee5-2bee-4e4a-9c73-4ebee83addc9","displayName":"Logik-Flows","iconUri":"https://connectoricons-prod.azureedge.net/releases/v1.0.1680/1.0.1680.3652/logicflows/icon.png","dataSources":["getTickets4"],"dependencies":[],"dependents":[],"parameterHints":{"workflowName":{"value":"3c873a45-c439-4546-ad91-bccd7dba1d52"},"workflowEntityId":{},"workflowDisplayName":{"value":"getTickets4"}},"parameterHintsV2":{"workflowName":{"value":"3c873a45-c439-4546-ad91-bccd7dba1d52"},"workflowEntityId":{},"workflowDisplayName":{"value":"getTickets4"}},"isOnPremiseConnection":false,"bypassConsent":false,"dataSets":{},"apiTier":"Standard","isCustomApiConnection":false,"actions":["Run"]},"61e150cb-1632-4b3c-b625-eba199b5561e":{"id":"b31badd4-1141-4a7d-bc28-8d0c67f380a1","displayName":"Office 365 Outlook","iconUri":"https://connectoricons-prod.azureedge.net/releases/v1.0.1677/1.0.1677.3637/office365/icon.png","dataSources":["Office365Outlook"],"dependencies":[],"dependents":[],"parameterHints":{},"parameterHintsV2":{},"isOnPremiseConnection":false,"bypassConsent":false,"dataSets":{},"apiTier":"Standard","isCustomApiConnection":false,"actions":["CalendarGetTables","GetEventsCalendarViewV2"]},"3259fdc0-55a1-4ec9-b22c-2b394ff8c21b":{"id":"b59875c9-921a-400c-b8ef-d4460dba7720","displayName":"Office 365-Benutzer","iconUri":"https://connectoricons-prod.azureedge.net/releases/v1.0.1677/1.0.1677.3637/office365users/icon.png","dataSources":["Office365-Benutzer"],"dependencies":[],"dependents":[],"parameterHints":{},"parameterHintsV2":{},"isOnPremiseConnection":false,"bypassConsent":false,"dataSets":{},"apiTier":"Standard","isCustomApiConnection":false},"d73d6fac-e816-4175-813f-8e14f05a74c8":{"id":"dfb5f9b4-4186-48c9-945c-de9267e05caf","displayName":"Spatial Services","iconUri":"https://connectoricons-prod.azureedge.net/releases/v1.0.1675/1.0.1675.3608/microsoftspatialservices/icon.png","dataSources":["SpatialServices"],"dependencies":[],"dependents":[],"parameterHints":{},"parameterHintsV2":{},"isOnPremiseConnection":false,"bypassConsent":false,"dataSets":{},"apiTier":"Premium","isCustomApiConnection":false},"3dd3244b-5c67-4723-b921-c0abb47a2e1f":{"id":"32162ee5-2bee-4e4a-9c73-4ebee83addc9","displayName":"Logik-Flows","iconUri":"https://connectoricons-prod.azureedge.net/releases/v1.0.1680/1.0.1680.3652/logicflows/icon.png","dataSources":["getSIDSFMobile5"],"dependencies":[],"dependents":[],"parameterHints":{"workflowName":{"value":"b7ac5a79-8967-4d36-ad7f-4515e80c0528"},"workflowEntityId":{"value":"9925ae43-d8e6-ee11-904d-000d3a659b9d"},"workflowDisplayName":{"value":"getSIDSFMobile5"}},"parameterHintsV2":{"workflowName":{"value":"b7ac5a79-8967-4d36-ad7f-4515e80c0528"},"workflowEntityId":{"value":"9925ae43-d8e6-ee11-904d-000d3a659b9d"},"workflowDisplayName":{"value":"getSIDSFMobile5"}},"isOnPremiseConnection":false,"bypassConsent":false,"dataSets":{},"apiTier":"Standard","isCustomApiConnection":false,"actions":["Run"]}},"authorizationReferences":[{"resourceId":"powerbi"}],"databaseReferences":{},"almMode":"Environment","performanceOptimizationEnabled":true,"canConsumeAppPass":true,"enableModernRuntimeMode":false,"executionRestrictions":{"isTeamsOnly":false,"dataLossPreventionEvaluationResult":{"status":"Compliant","lastEvaluationDate":"2023-10-06T15:34:09.1975149Z","violations":[],"violationsByPolicy":[],"violationErrorMessage":"Die App verwendet die folgenden Connectors: shared_logicflows, shared_microsoftspatialservices, shared_ftp, shared_commondataservice."},"httpActionRestriction":{"appUsesSharepointHttpAction":false,"enforcementStrategy":"Legacy","evaluationTime":"2023-10-06T15:34:09.1962862Z"}}},"appType":"ClassicCanvasApp","appComponents":[]}}