{"schemaVersion":"1.0","appDefinitionTemplate":{"id":"/providers/Microsoft.PowerApps/apps/","type":"Microsoft.PowerApps/apps","tags":{"primaryDeviceWidth":"1024","primaryDeviceHeight":"600","supportsPortrait":"false","supportsLandscape":"true","primaryFormFactor":"Tablet","publisherVersion":"3.23053.41","minimumRequiredApiVersion":"2.2.0","hasComponent":"false","hasUnlockedComponent":"false","isUnifiedRootApp":"false","sienaVersion":"20230605T093621Z-3.23053.41.0"},"properties":{"appVersion":"2023-06-05T09:36:21Z","lifeCycleId":"Published","createdByClientVersion":{"major":3,"minor":23053,"build":41,"revision":0,"majorRevision":0,"minorRevision":0},"minClientVersion":{"major":3,"minor":23053,"build":41,"revision":0,"majorRevision":0,"minorRevision":0},"backgroundColor":"rgba(255, 255, 255, 1)","backgroundImageUri":"/14833315575729597073/N93a5a567-2105-4c9f-86e1-cb894865bac8-logoSmallFile","displayName":"SFMobile2","description":"","commitMessage":"","appUris":{"documentUri":{"value":"/14833315575729597073/Nbf6bdc07-8493-437c-91ba-daf838373d59-document.msapp"},"imageUris":[],"additionalUris":[]},"createdTime":"0001-01-01T00:00:00Z","lastModifiedTime":"0001-01-01T00:00:00Z","sharedGroupsCount":0,"sharedUsersCount":0,"connectionReferences":{"08687968-4757-49d3-89ee-d13a2a33bdd1":{"id":"32162ee5-2bee-4e4a-9c73-4ebee83addc9","displayName":"Logik-Flows","iconUri":"https://connectoricons-prod.azureedge.net/releases/v1.0.1636/1.0.1636.3297/logicflows/icon.png","dataSources":["getTagesStatistik"],"dependencies":[],"dependents":[],"parameterHints":{"workflowName":{"value":"1b797938-d064-4024-a05c-9d6e16b92c8c"},"workflowEntityId":{}},"parameterHintsV2":{"workflowName":{"value":"1b797938-d064-4024-a05c-9d6e16b92c8c"},"workflowEntityId":{}},"isOnPremiseConnection":false,"bypassConsent":false,"dataSets":{},"apiTier":"Standard","isCustomApiConnection":false,"actions":["Run"]},"0175def3-fbbc-498f-aaf8-52ebd8b88010":{"id":"32162ee5-2bee-4e4a-9c73-4ebee83addc9","displayName":"Logik-Flows","iconUri":"https://connectoricons-prod.azureedge.net/releases/v1.0.1636/1.0.1636.3297/logicflows/icon.png","dataSources":["getServerURL"],"dependencies":[],"dependents":[],"parameterHints":{"workflowName":{"value":"3c5ef892-9c7c-4271-9c77-8059d9a5ef58"},"workflowEntityId":{}},"parameterHintsV2":{"workflowName":{"value":"3c5ef892-9c7c-4271-9c77-8059d9a5ef58"},"workflowEntityId":{}},"isOnPremiseConnection":false,"bypassConsent":false,"dataSets":{},"apiTier":"Standard","isCustomApiConnection":false,"actions":["Run"]},"d08f365e-7ba2-4721-a89a-a64096a18761":{"id":"32162ee5-2bee-4e4a-9c73-4ebee83addc9","displayName":"Logik-Flows","iconUri":"https://connectoricons-prod.azureedge.net/releases/v1.0.1636/1.0.1636.3297/logicflows/icon.png","dataSources":["getSIDSFMobile"],"dependencies":[],"dependents":[],"parameterHints":{"workflowName":{"value":"9adff4ae-e84c-41f2-ae80-6d8ba1347278"},"workflowEntityId":{}},"parameterHintsV2":{"workflowName":{"value":"9adff4ae-e84c-41f2-ae80-6d8ba1347278"},"workflowEntityId":{}},"isOnPremiseConnection":false,"bypassConsent":false,"dataSets":{},"apiTier":"Standard","isCustomApiConnection":false,"actions":["Run"]},"95c0731f-7af0-40dd-b936-e8e397f0dce1":{"id":"32162ee5-2bee-4e4a-9c73-4ebee83addc9","displayName":"Logik-Flows","iconUri":"https://connectoricons-prod.azureedge.net/releases/v1.0.1636/1.0.1636.3297/logicflows/icon.png","dataSources":["getTechniker"],"dependencies":[],"dependents":[],"parameterHints":{"workflowName":{"value":"38b37c64-c090-4431-becf-3c4d58b25396"},"workflowEntityId":{}},"parameterHintsV2":{"workflowName":{"value":"38b37c64-c090-4431-becf-3c4d58b25396"},"workflowEntityId":{}},"isOnPremiseConnection":false,"bypassConsent":false,"dataSets":{},"apiTier":"Standard","isCustomApiConnection":false,"actions":["Run"]},"b0fa9e54-fedd-4bdc-b5fa-e191e61db086":{"id":"32162ee5-2bee-4e4a-9c73-4ebee83addc9","displayName":"Logik-Flows","iconUri":"https://connectoricons-prod.azureedge.net/releases/v1.0.1636/1.0.1636.3297/logicflows/icon.png","dataSources":["getServiceauftrag"],"dependencies":[],"dependents":[],"parameterHints":{"workflowName":{"value":"2cab4779-e2b4-4da6-b779-847841bb9b7f"},"workflowEntityId":{}},"parameterHintsV2":{"workflowName":{"value":"2cab4779-e2b4-4da6-b779-847841bb9b7f"},"workflowEntityId":{}},"isOnPremiseConnection":false,"bypassConsent":false,"dataSets":{},"apiTier":"Standard","isCustomApiConnection":false,"actions":["Run"]},"8b60fd9f-06f3-4e5e-b42c-2cd0ae80669c":{"id":"32162ee5-2bee-4e4a-9c73-4ebee83addc9","displayName":"Logik-Flows","iconUri":"https://connectoricons-prod.azureedge.net/releases/v1.0.1636/1.0.1636.3297/logicflows/icon.png","dataSources":["getUnternehmen"],"dependencies":[],"dependents":[],"parameterHints":{"workflowName":{"value":"a3b178a8-5fcb-4020-a19b-ea16d2fd63cc"},"workflowEntityId":{}},"parameterHintsV2":{"workflowName":{"value":"a3b178a8-5fcb-4020-a19b-ea16d2fd63cc"},"workflowEntityId":{}},"isOnPremiseConnection":false,"bypassConsent":false,"dataSets":{},"apiTier":"Standard","isCustomApiConnection":false,"actions":["Run"]},"70725c30-9775-454d-8de7-7e3dfcb59812":{"id":"32162ee5-2bee-4e4a-9c73-4ebee83addc9","displayName":"Logik-Flows","iconUri":"https://connectoricons-prod.azureedge.net/releases/v1.0.1636/1.0.1636.3297/logicflows/icon.png","dataSources":["getaktServiceauftrag"],"dependencies":[],"dependents":[],"parameterHints":{"workflowName":{"value":"a1141fcd-02d4-4112-9205-2d706be25f4d"},"workflowEntityId":{}},"parameterHintsV2":{"workflowName":{"value":"a1141fcd-02d4-4112-9205-2d706be25f4d"},"workflowEntityId":{}},"isOnPremiseConnection":false,"bypassConsent":false,"dataSets":{},"apiTier":"Standard","isCustomApiConnection":false,"actions":["Run"]},"5d4635dd-b175-4ba3-af32-6de2dbf53b85":{"id":"32162ee5-2bee-4e4a-9c73-4ebee83addc9","displayName":"Logik-Flows","iconUri":"https://connectoricons-prod.azureedge.net/releases/v1.0.1636/1.0.1636.3297/logicflows/icon.png","dataSources":["setServiceauftragZeit"],"dependencies":[],"dependents":[],"parameterHints":{"workflowName":{"value":"74f04159-f98c-4237-829d-7416f2faf9ee"},"workflowEntityId":{}},"parameterHintsV2":{"workflowName":{"value":"74f04159-f98c-4237-829d-7416f2faf9ee"},"workflowEntityId":{}},"isOnPremiseConnection":false,"bypassConsent":false,"dataSets":{},"apiTier":"Standard","isCustomApiConnection":false,"actions":["Run"]},"e4e265be-6e2e-47c0-b5bc-206c46f5eaa4":{"id":"32162ee5-2bee-4e4a-9c73-4ebee83addc9","displayName":"Logik-Flows","iconUri":"https://connectoricons-prod.azureedge.net/releases/v1.0.1636/1.0.1636.3297/logicflows/icon.png","dataSources":["getTagesueberblick"],"dependencies":[],"dependents":[],"parameterHints":{"workflowName":{"value":"556837e2-2721-4003-aecf-2278e82affda"},"workflowEntityId":{}},"parameterHintsV2":{"workflowName":{"value":"556837e2-2721-4003-aecf-2278e82affda"},"workflowEntityId":{}},"isOnPremiseConnection":false,"bypassConsent":false,"dataSets":{},"apiTier":"Standard","isCustomApiConnection":false,"actions":["Run"]},"f2704123-4557-4fe8-8750-58f31cd6a7b6":{"id":"32162ee5-2bee-4e4a-9c73-4ebee83addc9","displayName":"Logik-Flows","iconUri":"https://connectoricons-prod.azureedge.net/releases/v1.0.1636/1.0.1636.3297/logicflows/icon.png","dataSources":["getKategorien"],"dependencies":[],"dependents":[],"parameterHints":{"workflowName":{"value":"6353274d-276e-43d4-9971-b0b5149e7608"},"workflowEntityId":{}},"parameterHintsV2":{"workflowName":{"value":"6353274d-276e-43d4-9971-b0b5149e7608"},"workflowEntityId":{}},"isOnPremiseConnection":false,"bypassConsent":false,"dataSets":{},"apiTier":"Standard","isCustomApiConnection":false,"actions":["Run"]},"d48e8b2d-8d30-4dbe-9b9c-ef4d081d9964":{"id":"32162ee5-2bee-4e4a-9c73-4ebee83addc9","displayName":"Logik-Flows","iconUri":"https://connectoricons-prod.azureedge.net/releases/v1.0.1636/1.0.1636.3297/logicflows/icon.png","dataSources":["setTageszeit"],"dependencies":[],"dependents":[],"parameterHints":{"workflowName":{"value":"9ac874a4-2215-4238-86e9-348b2f50b2e7"},"workflowEntityId":{}},"parameterHintsV2":{"workflowName":{"value":"9ac874a4-2215-4238-86e9-348b2f50b2e7"},"workflowEntityId":{}},"isOnPremiseConnection":false,"bypassConsent":false,"dataSets":{},"apiTier":"Standard","isCustomApiConnection":false,"actions":["Run"]},"c628c209-14f1-467d-8d2e-a31f4a557d28":{"id":"32162ee5-2bee-4e4a-9c73-4ebee83addc9","displayName":"Logik-Flows","iconUri":"https://connectoricons-prod.azureedge.net/releases/v1.0.1636/1.0.1636.3297/logicflows/icon.png","dataSources":["getaktTagesstatus"],"dependencies":[],"dependents":[],"parameterHints":{"workflowName":{"value":"37599880-2e6d-4e67-9d18-6f44a5044675"},"workflowEntityId":{}},"parameterHintsV2":{"workflowName":{"value":"37599880-2e6d-4e67-9d18-6f44a5044675"},"workflowEntityId":{}},"isOnPremiseConnection":false,"bypassConsent":false,"dataSets":{},"apiTier":"Standard","isCustomApiConnection":false,"actions":["Run"]},"9688a721-13f7-4a3a-b29e-65c88723fa19":{"id":"32162ee5-2bee-4e4a-9c73-4ebee83addc9","displayName":"Logik-Flows","iconUri":"https://connectoricons-prod.azureedge.net/releases/v1.0.1636/1.0.1636.3297/logicflows/icon.png","dataSources":["setManuelleZeit"],"dependencies":[],"dependents":[],"parameterHints":{"workflowName":{"value":"3730b587-2de7-4785-8c20-c268716cfd2e"},"workflowEntityId":{}},"parameterHintsV2":{"workflowName":{"value":"3730b587-2de7-4785-8c20-c268716cfd2e"},"workflowEntityId":{}},"isOnPremiseConnection":false,"bypassConsent":false,"dataSets":{},"apiTier":"Standard","isCustomApiConnection":false,"actions":["Run"]},"bbcbbb45-7e94-4571-829f-138809ce4d11":{"id":"32162ee5-2bee-4e4a-9c73-4ebee83addc9","displayName":"Logik-Flows","iconUri":"https://connectoricons-prod.azureedge.net/releases/v1.0.1636/1.0.1636.3297/logicflows/icon.png","dataSources":["setAuftragbeenden"],"dependencies":[],"dependents":[],"parameterHints":{"workflowName":{"value":"a1776d7e-7fa2-4555-8e76-7e5cb024ee76"},"workflowEntityId":{}},"parameterHintsV2":{"workflowName":{"value":"a1776d7e-7fa2-4555-8e76-7e5cb024ee76"},"workflowEntityId":{}},"isOnPremiseConnection":false,"bypassConsent":false,"dataSets":{},"apiTier":"Standard","isCustomApiConnection":false,"actions":["Run"]},"93d86f67-062c-424f-9b15-8ab974e9a2fe":{"id":"32162ee5-2bee-4e4a-9c73-4ebee83addc9","displayName":"Logik-Flows","iconUri":"https://connectoricons-prod.azureedge.net/releases/v1.0.1636/1.0.1636.3297/logicflows/icon.png","dataSources":["getPausen"],"dependencies":[],"dependents":[],"parameterHints":{"workflowName":{"value":"62bdb2ba-0675-439c-8b42-47e7f54e36cb"},"workflowEntityId":{}},"parameterHintsV2":{"workflowName":{"value":"62bdb2ba-0675-439c-8b42-47e7f54e36cb"},"workflowEntityId":{}},"isOnPremiseConnection":false,"bypassConsent":false,"dataSets":{},"apiTier":"Standard","isCustomApiConnection":false,"actions":["Run"]},"ae66f059-5587-4bfe-b1b9-938536a95e80":{"id":"32162ee5-2bee-4e4a-9c73-4ebee83addc9","displayName":"Logik-Flows","iconUri":"https://connectoricons-prod.azureedge.net/releases/v1.0.1636/1.0.1636.3297/logicflows/icon.png","dataSources":["getPositionen"],"dependencies":[],"dependents":[],"parameterHints":{"workflowName":{"value":"f25da40a-7631-431b-89b8-dcd248499777"},"workflowEntityId":{}},"parameterHintsV2":{"workflowName":{"value":"f25da40a-7631-431b-89b8-dcd248499777"},"workflowEntityId":{}},"isOnPremiseConnection":false,"bypassConsent":false,"dataSets":{},"apiTier":"Standard","isCustomApiConnection":false,"actions":["Run"]},"2794e875-eba9-444f-8af5-c7235b40bf13":{"id":"32162ee5-2bee-4e4a-9c73-4ebee83addc9","displayName":"Logik-Flows","iconUri":"https://connectoricons-prod.azureedge.net/releases/v1.0.1636/1.0.1636.3297/logicflows/icon.png","dataSources":["createPosition"],"dependencies":[],"dependents":[],"parameterHints":{"workflowName":{"value":"90c0054a-1d1a-4fea-af9b-7e798cfbf3c2"},"workflowEntityId":{}},"parameterHintsV2":{"workflowName":{"value":"90c0054a-1d1a-4fea-af9b-7e798cfbf3c2"},"workflowEntityId":{}},"isOnPremiseConnection":false,"bypassConsent":false,"dataSets":{},"apiTier":"Standard","isCustomApiConnection":false,"actions":["Run"]},"c20325be-e060-4927-9e58-e2c6450b3f8f":{"id":"32162ee5-2bee-4e4a-9c73-4ebee83addc9","displayName":"Logik-Flows","iconUri":"https://connectoricons-prod.azureedge.net/releases/v1.0.1636/1.0.1636.3297/logicflows/icon.png","dataSources":["modTageszeit"],"dependencies":[],"dependents":[],"parameterHints":{"workflowName":{"value":"1663fa98-49ad-4c58-9ccb-c623ca18673f"},"workflowEntityId":{}},"parameterHintsV2":{"workflowName":{"value":"1663fa98-49ad-4c58-9ccb-c623ca18673f"},"workflowEntityId":{}},"isOnPremiseConnection":false,"bypassConsent":false,"dataSets":{},"apiTier":"Standard","isCustomApiConnection":false,"actions":["Run"]},"b02e433d-e864-42e2-854d-6a6037434f46":{"id":"32162ee5-2bee-4e4a-9c73-4ebee83addc9","displayName":"Logik-Flows","iconUri":"https://connectoricons-prod.azureedge.net/releases/v1.0.1636/1.0.1636.3297/logicflows/icon.png","dataSources":["getTagesDiagramm"],"dependencies":[],"dependents":[],"parameterHints":{"workflowName":{"value":"a069f62d-c65f-49b1-84a3-f962442db6b0"},"workflowEntityId":{}},"parameterHintsV2":{"workflowName":{"value":"a069f62d-c65f-49b1-84a3-f962442db6b0"},"workflowEntityId":{}},"isOnPremiseConnection":false,"bypassConsent":false,"dataSets":{},"apiTier":"Standard","isCustomApiConnection":false,"actions":["Run"]},"371abe8a-b974-4391-8557-29845c3f53cc":{"id":"32162ee5-2bee-4e4a-9c73-4ebee83addc9","displayName":"Logik-Flows","iconUri":"https://connectoricons-prod.azureedge.net/releases/v1.0.1636/1.0.1636.3297/logicflows/icon.png","dataSources":["modPosition2"],"dependencies":[],"dependents":[],"parameterHints":{"workflowName":{"value":"5f166123-13c0-4ab9-afdc-037202cb128d"},"workflowEntityId":{}},"parameterHintsV2":{"workflowName":{"value":"5f166123-13c0-4ab9-afdc-037202cb128d"},"workflowEntityId":{}},"isOnPremiseConnection":false,"bypassConsent":false,"dataSets":{},"apiTier":"Standard","isCustomApiConnection":false,"actions":["Run"]}},"databaseReferences":{},"almMode":"Environment","performanceOptimizationEnabled":true,"canConsumeAppPass":true,"enableModernRuntimeMode":false,"executionRestrictions":{"isTeamsOnly":false,"dataLossPreventionEvaluationResult":{"status":"Compliant","lastEvaluationDate":"2023-04-26T08:50:32.8535058Z","violations":[],"violationsByPolicy":[],"violationErrorMessage":"Die App verwendet die folgenden Connectors: shared_logicflows."},"httpActionRestriction":{"appUsesSharepointHttpAction":false,"enforcementStrategy":"Legacy","evaluationTime":"2023-04-26T08:50:32.8534688Z"}}},"appType":"ClassicCanvasApp","appComponents":[]}}