{"name":"f8cda32b-dcca-4295-9dbc-dd1fa49378fa","id":"/providers/Microsoft.Flow/flows/f8cda32b-dcca-4295-9dbc-dd1fa49378fa","type":"Microsoft.Flow/flows","properties":{"apiId":"/providers/Microsoft.PowerApps/apis/shared_logicflows","displayName":"getBPositionen","definition":{"metadata":{"workflowEntityId":null,"processAdvisorMetadata":null,"flowChargedByPaygo":null,"flowclientsuspensionreason":"None","flowclientsuspensiontime":null,"flowclientsuspensionreasondetails":null,"creator":{"id":"c460d924-e514-4ad6-8347-2f10db18a619","type":"User","tenantId":"9f1c8e82-c18c-47b7-8190-9078686422ad"},"provisioningMethod":"FromDefinition","failureAlertSubscription":true,"clientLastModifiedTime":"2023-09-30T09:10:05.5939648Z"},"$schema":"https://schema.management.azure.com/providers/Microsoft.Logic/schemas/2016-06-01/workflowdefinition.json#","contentVersion":"1.0.0.0","parameters":{"$authentication":{"defaultValue":{},"type":"SecureObject"}},"triggers":{"manual":{"metadata":{"operationMetadataId":"84a5e6cc-1512-46fa-a7b4-e6eac8f9a5f2"},"type":"Request","kind":"PowerApp","inputs":{"schema":{"type":"object","properties":{"SID_Wert":{"type":"string","description":"Anfangswert eingeben","x-ms-powerflows-param-ispartial":false},"URL_Wert":{"type":"string","description":"Anfangswert eingeben","x-ms-powerflows-param-ispartial":false},"EMail_Wert":{"type":"string","description":"Anfangswert eingeben","x-ms-powerflows-param-ispartial":false},"Funktion_Wert":{"type":"string","description":"Anfangswert eingeben","x-ms-powerflows-param-ispartial":false},"ParameterJSON_Wert":{"type":"string","description":"Anfangswert eingeben","x-ms-powerflows-param-ispartial":false}},"required":["SID_Wert","URL_Wert","EMail_Wert","Funktion_Wert","ParameterJSON_Wert"]}}}},"actions":{"SID":{"runAfter":{},"metadata":{"operationMetadataId":"4163eecd-9c25-420f-8411-bcefe1201681"},"type":"InitializeVariable","inputs":{"variables":[{"name":"SID","type":"string","value":"@{triggerBody()['SID_Wert']}"}]}},"HTTP":{"runAfter":{"ParameterJSON":["Succeeded"]},"metadata":{"operationMetadataId":"b66f4fbf-30a5-4347-95e4-6deb1503243b"},"type":"Http","inputs":{"method":"POST","uri":"@{variables('URL')}&PRGNAME=requesterSFMobile&ARGUMENTS=-A@{variables('SID')},-A@{variables('BenutzerEMail')},-A@{variables('Funktion')}","body":"@variables('ParameterJSON')"}},"Antwort":{"runAfter":{"Auswählen":["Succeeded"]},"metadata":{"operationMetadataId":"88152cef-63aa-4840-8507-7f5b5ad49514"},"type":"Response","kind":"Http","inputs":{"statusCode":200,"body":"@body('Auswählen')","schema":{"type":"array","items":{"type":"object","properties":{"ArtikelNr":{"type":"string"},"ArtikelNrLf":{"type":"string"},"Bezeichnung":{"type":"string"},"LieferantenNr":{"type":"number"},"Lieferant":{"type":"string"},"BestellNr":{"type":"number"},"Bestelldatum":{"type":"string"},"Bestellmenge":{"type":"number"},"Zeilennr":{"type":"integer"},"freigegeben":{"type":"boolean"},"Bedarf":{"type":"string"},"BedarfTyp":{"type":"string"},"EDIGruppe":{"type":"string"},"EDIausgegeben":{"type":"boolean"},"EDITransferNr":{"type":"number"},"Bestellwert":{"type":"number"}}}}}},"JSON_analysieren":{"runAfter":{"HTTP":["Succeeded"]},"metadata":{"operationMetadataId":"c91e1132-d8de-4b86-b009-3c2311312a14"},"type":"ParseJson","inputs":{"content":"@body('HTTP')","schema":{"type":"array","items":{"type":"object","properties":{"ArtikelNr":{"type":["string","null"]},"ArtikelNrLf":{"type":["string","null"]},"Bezeichnung":{"type":["string","null"]},"LieferantenNr":{"type":["number","null"]},"Lieferant":{"type":["string","null"]},"BestellNr":{"type":["number","null"]},"Bestelldatum":{"type":["string","null"]},"Bestellmenge":{"type":["number","null"]},"Zeilennr":{"type":["integer","null"]},"freigegeben":{"type":"boolean"},"Bedarf":{"type":["string","null"]},"BedarfTyp":{"type":["string","null"]},"EDIGruppe":{"type":["string","null"]},"EDIausgegeben":{"type":"boolean"},"EDITransferNr":{"type":["number","null"]},"Bestellwert":{"type":["number","null"]}}}}}},"Auswählen":{"runAfter":{"JSON_analysieren":["Succeeded"]},"metadata":{"operationMetadataId":"301a3f76-37b0-4386-b388-8c3c72faaf30"},"type":"Select","inputs":{"from":"@body('JSON_analysieren')","select":{"ArtikelNr":"@item()?['ArtikelNr']","Bezeichnung":"@item()?['Bezeichnung']","ArtikelNrLf":"@item()?['ArtikelNrLf']","LieferantenNr":"@item()?['LieferantenNr']","Lieferant":"@item()?['Lieferant']","BestellNr":"@item()?['BestellNr']","Bestelldatum":"@item()?['Bestelldatum']","freigegeben":"@item()?['freigegeben']","Zeilennr":"@item()?['Zeilennr']","Bedarf":"@item()?['Bedarf']","BedarfTyp":"@item()?['BedarfTyp']","EDIGruppe":"@item()?['EDIGruppe']","Bestellmenge":"@item()?['Bestellmenge']","EDITransferNr":"@item()?['EDITransferNr']","EDIausgegeben":"@item()?['EDIausgegeben']","Bestellwert":"@item()?['Bestellwert']"}}},"URL":{"runAfter":{"SID":["Succeeded"]},"metadata":{"operationMetadataId":"d78fbe72-ab43-495e-a4ad-b89114908a7d"},"type":"InitializeVariable","inputs":{"variables":[{"name":"URL","type":"string","value":"@{triggerBody()['URL_Wert']}"}]}},"EMail":{"runAfter":{"URL":["Succeeded"]},"metadata":{"operationMetadataId":"571a60b3-f089-49dc-9326-c928917cc3d2"},"type":"InitializeVariable","inputs":{"variables":[{"name":"BenutzerEMail","type":"string","value":"@{triggerBody()['EMail_Wert']}"}]}},"ParameterJSON":{"runAfter":{"Funktion":["Succeeded"]},"metadata":{"operationMetadataId":"431dc959-c03d-4ef1-bc0e-db2f9e559d36"},"type":"InitializeVariable","inputs":{"variables":[{"name":"ParameterJSON","type":"string","value":"@{triggerBody()['ParameterJSON_Wert']}"}]}},"Funktion":{"runAfter":{"EMail":["Succeeded"]},"metadata":{"operationMetadataId":"617002d5-a01a-4b51-ae83-08cb4585bee0"},"type":"InitializeVariable","inputs":{"variables":[{"name":"Funktion","type":"string","value":"@{triggerBody()['Funktion_Wert']}"}]}}}},"connectionReferences":{},"flowFailureAlertSubscribed":false,"isManaged":false}}