{"name":"94025539-f601-42ca-a1d5-b3d5dc2fedac","id":"/providers/Microsoft.Flow/flows/94025539-f601-42ca-a1d5-b3d5dc2fedac","type":"Microsoft.Flow/flows","properties":{"apiId":"/providers/Microsoft.PowerApps/apis/shared_logicflows","displayName":"TicketAusMail","definition":{"metadata":{"workflowEntityId":null,"processAdvisorMetadata":null,"flowChargedByPaygo":null,"flowclientsuspensionreason":"None","flowclientsuspensiontime":null,"flowclientsuspensionreasondetails":null,"creator":{"id":"50d49a15-5d9e-4366-beae-c5e71051c15a","type":"User","tenantId":"9f1c8e82-c18c-47b7-8190-9078686422ad"},"provisioningMethod":"FromDefinition","failureAlertSubscription":true,"clientLastModifiedTime":"2024-05-06T13:07:41.9926299Z","connectionKeySavedTimeKey":"2024-05-06T13:07:41.9926299Z"},"$schema":"https://schema.management.azure.com/providers/Microsoft.Logic/schemas/2016-06-01/workflowdefinition.json#","contentVersion":"1.0.0.0","parameters":{"$authentication":{"defaultValue":{},"type":"SecureObject"},"$connections":{"defaultValue":{},"type":"Object"}},"triggers":{"When_a_new_email_arrives_(V3)":{"splitOn":"@triggerOutputs()?['body/value']","metadata":{"operationMetadataId":"e43d6ec9-aca3-4ba6-95ab-c71169d19e35"},"type":"OpenApiConnectionNotification","inputs":{"parameters":{"includeAttachments":true,"importance":"Any","fetchOnlyWithAttachment":false,"folderPath":"Inbox"},"host":{"apiId":"/providers/Microsoft.PowerApps/apis/shared_office365","connectionName":"shared_office365_1","operationId":"OnNewEmailV3"},"authentication":"@parameters('$authentication')"}}},"actions":{"Initialize_IDNR":{"runAfter":{"Initialize_Secret":["Succeeded"]},"metadata":{"operationMetadataId":"a444d194-7ccc-4a64-97b9-6f4e2faf4541"},"type":"InitializeVariable","inputs":{"variables":[{"name":"IDNR","type":"integer","value":0}]}},"Initialize_KDNR":{"runAfter":{"Initialize_IDNR":["Succeeded"]},"metadata":{"operationMetadataId":"cb3f0ec6-e57e-49ce-858c-d8ca4223797b"},"type":"InitializeVariable","inputs":{"variables":[{"name":"KDNR","type":"integer","value":0}]}},"Initialize_JSON":{"runAfter":{"Initialize_KDNR":["Succeeded"]},"metadata":{"operationMetadataId":"0fc0a502-d3e5-463d-8f2c-ba3c3901da97"},"type":"InitializeVariable","inputs":{"variables":[{"name":"TicketJSON","type":"array","value":[]}]}},"Initialize_URL":{"runAfter":{},"metadata":{"operationMetadataId":"b663a86b-5f6b-4a81-82ab-fadc222c98b1"},"type":"InitializeVariable","inputs":{"variables":[{"name":"URL","type":"string","value":"https://successflow.bsv.net/api"}]}},"Initialize_TicketNr":{"runAfter":{"Initialize_JsonPrefixSuffix":["Succeeded"]},"metadata":{"operationMetadataId":"7a1f0042-0f82-44bf-81f1-36c2a543c2a9"},"type":"InitializeVariable","inputs":{"variables":[{"name":"TicketNr","type":"integer"}]}},"Initialize_AktionNr":{"runAfter":{"Initialize_TicketNr":["Succeeded"]},"metadata":{"operationMetadataId":"58f66a92-d736-4ba8-bd46-b20a465b1598"},"type":"InitializeVariable","inputs":{"variables":[{"name":"AktionNr","type":"integer"}]}},"Initialize_Filename":{"runAfter":{"Initialize_AktionNr":["Succeeded"]},"metadata":{"operationMetadataId":"37f32954-b8fb-4e8d-878a-dd0a44c0be5b"},"type":"InitializeVariable","inputs":{"variables":[{"name":"AnhFilename","type":"string"}]}},"Initialize_MailReplyText":{"runAfter":{"Initialize_Filename":["Succeeded"]},"metadata":{"operationMetadataId":"0b7fffcb-9109-4830-b708-c60db9154db8"},"type":"InitializeVariable","inputs":{"variables":[{"name":"Mailtext","type":"string"}]}},"Initialize_Fehlertext":{"runAfter":{"Initialize_MailReplyText":["Succeeded"]},"metadata":{"operationMetadataId":"914087fe-d8fa-467d-b0ba-b839e5e9df24"},"type":"InitializeVariable","inputs":{"variables":[{"name":"FehlerText","type":"string"}]}},"GetIndexOfPrefix":{"runAfter":{"For_each_1":["Succeeded"]},"type":"Compose","inputs":"@add(int(indexOf(triggerOutputs()?['body/body'] ,variables('TicketPrefix'))),2)"},"Initialize_Prefix":{"runAfter":{"Initialize_Fehlertext":["Succeeded"]},"type":"InitializeVariable","inputs":{"variables":[{"name":"TicketPrefix","type":"string"}]}},"Initialize_Suffix":{"runAfter":{"Initialize_Prefix":["Succeeded"]},"type":"InitializeVariable","inputs":{"variables":[{"name":"TicketSuffix","type":"string"}]}},"HTTP":{"runAfter":{"Initialize_Suffix":["Succeeded"]},"type":"Http","inputs":{"uri":"@{variables('URL')}/mgwebrequester.dll?appname=FlowRequester&prgname=requesterAPI&arguments=-Auser,-Agetticketprefixsuffix","method":"POST","headers":{"UID":"@{variables('UID')}","APPID":"sfm","Secret":"@{variables('Secret')}"},"body":"@variables('JsonPrefixSuffix')"},"runtimeConfiguration":{"contentTransfer":{"transferMode":"Chunked"}}},"Parse_JSON_Prefix_Suffix":{"runAfter":{"HTTP":["Succeeded"]},"type":"ParseJson","inputs":{"content":"@body('HTTP')","schema":{"type":"array","items":{"type":"object","properties":{"Praefix":{"type":"string"},"Suffix":{"type":"string"}},"required":["Praefix","Suffix"]}}}},"Initialize_JsonPrefixSuffix":{"runAfter":{"Initialize_JSON":["Succeeded"]},"type":"InitializeVariable","inputs":{"variables":[{"name":"JsonPrefixSuffix","type":"array","value":[]}]}},"For_each_1":{"foreach":"@body('Parse_JSON_Prefix_Suffix')","actions":{"Set_variable_Prefix":{"type":"SetVariable","inputs":{"name":"TicketPrefix","value":"@{items('For_each_1')['Praefix']}"}},"Set_variable_Suffix":{"runAfter":{"Set_variable_Prefix":["Succeeded"]},"type":"SetVariable","inputs":{"name":"TicketSuffix","value":"@{items('For_each_1')['Suffix']}"}}},"runAfter":{"Parse_JSON_Prefix_Suffix":["Succeeded"]},"type":"Foreach"},"GetIndexOfSuffix":{"runAfter":{"GetIndexOfPrefix":["Succeeded"]},"type":"Compose","inputs":"@add(int(indexOf(triggerOutputs()?['body/body'],variables('TicketSuffix') )),2)"},"Condition_Präfix_und_Suffix_fehlt":{"actions":{"GetIndexOf@@":{"metadata":{"operationMetadataId":"af8184e4-65ab-4990-9296-9975db8f538a"},"type":"Compose","inputs":"@add(int(indexOf(triggerOutputs()?['body/subject'],'@@')),2)"},"Kennzeichnung@@NichtEnthalten":{"actions":{"Reply_to_email_(V3)_2":{"metadata":{"operationMetadataId":"cd0aa516-a594-41aa-9de1-d726f1651dec"},"type":"OpenApiConnection","inputs":{"parameters":{"messageId":"@triggerOutputs()?['body/id']","replyParameters/Body":"<p>Leider enthält ihre E-Mail nicht die Kennzeichnung @@#IDNR#KDNR@ für ein neues Ticket oder die Kennzeichnung eines bestehenden Tickets und konnte nicht automatisch verarbeitet werden.</p>"},"host":{"apiId":"/providers/Microsoft.PowerApps/apis/shared_office365","connectionName":"shared_office365_1","operationId":"ReplyToV3"},"authentication":"@parameters('$authentication')"}},"Terminate":{"runAfter":{"Reply_to_email_(V3)_2":["Succeeded"]},"metadata":{"operationMetadataId":"4a17c2dc-d1cc-4896-9c12-31158dae6576"},"type":"Terminate","inputs":{"runStatus":"Succeeded"}}},"runAfter":{"GetIndexOf@@":["Succeeded"]},"else":{"actions":{"SubStringAb@@":{"metadata":{"operationMetadataId":"65897221-0e6c-4334-907e-82d25b5027bf"},"type":"Compose","inputs":"@substring (triggerOutputs()?['body/subject'], outputs('GetIndexOf@@') , sub (length (triggerOutputs()?['body/subject']),outputs('GetIndexOf@@')))"},"GetIndexOf@":{"runAfter":{"SubStringAb@@":["Succeeded"]},"metadata":{"operationMetadataId":"8a274cf0-c3d8-4985-a8d2-c8b948e0ed5d"},"type":"Compose","inputs":"@indexOf(outputs('SubStringAb@@'),'@')"},"TextBetween@@and@":{"runAfter":{"GetIndexOf@":["Succeeded"]},"metadata":{"operationMetadataId":"bbd25cb1-50eb-489d-a95c-8fd2317cce3d"},"type":"Compose","inputs":"@substring(outputs('SubStringAb@@'),0,outputs('GetIndexOf@'))"},"splitBy#":{"runAfter":{"TextBetween@@and@":["Succeeded"]},"metadata":{"operationMetadataId":"a58c79dd-0e29-439f-bc77-4fe98bcd5064"},"type":"Compose","inputs":"@split(outputs('TextBetween@@and@'),'#')"},"wenigerAls3Parameter":{"actions":{"Reply_to_email_(V3)_3":{"metadata":{"operationMetadataId":"e688b343-fa7e-40f8-bc34-79153a260815"},"type":"OpenApiConnection","inputs":{"parameters":{"messageId":"@triggerOutputs()?['body/id']","replyParameters/Body":"<p>Leider enthält ihre E-Mail nicht die Kennzeichnung @@#KDNR#IDNR@ und konnte nicht automatisch verarbeitet werden.</p>"},"host":{"apiId":"/providers/Microsoft.PowerApps/apis/shared_office365","connectionName":"shared_office365_1","operationId":"ReplyToV3"},"authentication":"@parameters('$authentication')"}},"Terminate_2":{"runAfter":{"Reply_to_email_(V3)_3":["Succeeded"]},"metadata":{"operationMetadataId":"26c7d796-6e55-459b-99a9-63b794fe787b"},"type":"Terminate","inputs":{"runStatus":"Succeeded"}}},"runAfter":{"splitBy#":["Succeeded"]},"else":{"actions":{"Set_KDNR":{"metadata":{"operationMetadataId":"cb78d82b-c904-47ee-aa21-a849cc1e7007"},"type":"SetVariable","inputs":{"name":"KDNR","value":"@if(isInt(outputs('splitBy#')[2]),int(outputs('splitBy#')[2]),0)"}},"Set_IDNR":{"runAfter":{"Set_KDNR":["Succeeded"]},"metadata":{"operationMetadataId":"1f1c74d5-96d5-40d7-915d-1fc8a7bfad52"},"type":"SetVariable","inputs":{"name":"IDNR","value":"@if(isInt(outputs('splitBy#')[1]),int(outputs('splitBy#')[1]),0)"}},"KDNR_oder_IDNR=0":{"actions":{"Reply_to_email_(V3)":{"metadata":{"operationMetadataId":"c886a575-e197-4fd6-9d0c-d153fcaf2405"},"type":"OpenApiConnection","inputs":{"parameters":{"messageId":"@triggerOutputs()?['body/id']","replyParameters/Body":"<p>Leider enthält ihre E-Mail nicht die Kennzeichnung @@#KDNR#IDNR@ und konnte nicht automatisch verarbeitet werden.<br>\n</p>"},"host":{"apiId":"/providers/Microsoft.PowerApps/apis/shared_office365","connectionName":"shared_office365_1","operationId":"ReplyToV3"},"authentication":"@parameters('$authentication')"}},"Terminate_3":{"runAfter":{"Reply_to_email_(V3)":["Succeeded"]},"metadata":{"operationMetadataId":"24d030dc-8669-4414-b892-86e593dae997"},"type":"Terminate","inputs":{"runStatus":"Succeeded"}}},"runAfter":{"Set_IDNR":["Succeeded"]},"else":{"actions":{"HTTP_eml":{"runAfter":{"Append_to_array_variable":["Succeeded"]},"metadata":{"operationMetadataId":"e117cfdf-05a0-4b06-8221-8fe07afd5a11"},"type":"Http","inputs":{"uri":"@{variables('URL')}/mgwebrequester.dll?appname=FlowRequester&prgname=requesterAPI&arguments=-Auser,-Acreateticket","method":"POST","headers":{"Content-Type":"application/json","UID":"@{variables('UID')}","APPID":"sfm","SECRET":"@{variables('Secret')}"},"body":" @{variables('TicketJSON')}"}},"Append_to_array_variable":{"runAfter":{"Switch_2":["Succeeded"]},"metadata":{"operationMetadataId":"24ad4e16-4f66-4562-a5ff-67fd73462a94"},"type":"AppendToArrayVariable","inputs":{"name":"TicketJSON","value":{"KundenNr":"@variables('KDNR')","IDNR":"@variables('IDNR')","Ersteller":"@triggerOutputs()?['body/from']","Workflow":"Neu","Stichwort":"@triggerOutputs()?['body/subject']","Problem":"@variables('FehlerText')","interneInfo":"","Kontakt":"","EMail":"@triggerOutputs()?['body/from']","Telefon":""}}},"Parse_JSON":{"runAfter":{"HTTP_eml":["Succeeded"]},"metadata":{"operationMetadataId":"d9f0a134-8ab9-4da5-8da9-da69336318da"},"type":"ParseJson","inputs":{"content":"@body('HTTP_eml')","schema":{"type":"array","items":{"type":"object","properties":{"TicketNr":{"type":"integer"},"AktionNr":{"type":"integer"}},"required":["TicketNr","AktionNr"]}}}},"Export_email_(V2)":{"runAfter":{"Apply_to_each_2":["Succeeded"]},"metadata":{"operationMetadataId":"0189abfb-bba6-458e-a54f-82348d202990"},"type":"OpenApiConnection","inputs":{"parameters":{"messageId":"@triggerOutputs()?['body/id']"},"host":{"apiId":"/providers/Microsoft.PowerApps/apis/shared_office365","connectionName":"shared_office365_1","operationId":"ExportEmail_V2"},"authentication":"@parameters('$authentication')"}},"EML_speichern":{"runAfter":{"Export_email_(V2)":["Succeeded"]},"metadata":{"operationMetadataId":"c12d4da4-85fb-44f5-a89d-1853579273bd"},"type":"Compose","inputs":"@base64(body('Export_email_(V2)'))"},"For_each":{"foreach":"@outputs('Parse_JSON')['body']","actions":{"HTTP_-_SaveEML":{"metadata":{"operationMetadataId":"f2da2999-0bf2-457a-8555-ccca4d3cf2ad"},"type":"Http","inputs":{"uri":"@{variables('URL')}/mgwebrequester.dll?appname=flowrequester&prgname=requesterAPI&arguments=-Auser,-Asaveticketemail","method":"POST","headers":{"TicketNr":"@{items('For_each')['TicketNr']}","AktionNr":"@{items('For_each')['AktionNr']}","UID":"@{variables('UID')}","APPID":"sfm","SECRET":"@{variables('Secret')}"},"body":"@outputs('EML_speichern')"},"runtimeConfiguration":{"contentTransfer":{"transferMode":"Chunked"}}}},"runAfter":{"EML_speichern":["Succeeded"]},"metadata":{"operationMetadataId":"4d78b21a-3241-4c57-96b0-313dbaa85887"},"type":"Foreach"},"Filter_array":{"runAfter":{"For_each":["Succeeded"]},"metadata":{"operationMetadataId":"7c80f1c7-ad1f-4a3e-86ea-9c13584de0c5"},"type":"Query","inputs":{"from":"@triggerOutputs()?['body/attachments']","where":"@greater('Filename', '\"\"')"}},"Apply_to_each":{"foreach":"@body('Filter_array')","actions":{"Get_Filename":{"metadata":{"operationMetadataId":"d4f2716a-e3f5-42a1-a701-074b535a9605"},"type":"Compose","inputs":"@items('Apply_to_each')?['name']"},"Get_Content":{"runAfter":{"Set_variable":["Succeeded"]},"metadata":{"operationMetadataId":"ca296567-e3ae-4588-9888-a5ae96bc7d67"},"type":"Compose","inputs":"@items('Apply_to_each')?['contentBytes']"},"HTTP_Anhänge":{"runAfter":{"Get_Content":["Succeeded"]},"metadata":{"operationMetadataId":"a1f83d0a-9531-4163-8204-123ba39a5053"},"type":"Http","inputs":{"uri":"@{variables('URL')}/mgwebrequester.dll?appname=flowrequester&prgname=requesterAPI&arguments=-Auser,-Asaveticketemail","method":"POST","headers":{"UID":"@{variables('UID')}","APPID":"sfm","SECRET":"@{variables('Secret')}","TicketNr":"@{variables('TicketNr')}","AktionNr":"@{variables('AktionNr')}","Filename":"@{variables('AnhFilename')}"},"body":"@outputs('Get_Content')"}},"Set_variable":{"runAfter":{"Get_Filename":["Succeeded"]},"metadata":{"operationMetadataId":"d2c73623-fdc6-4c1b-bd5a-a1edd098e4ca"},"type":"SetVariable","inputs":{"name":"AnhFilename","value":"@{outputs('Get_Filename')}"}}},"runAfter":{"Filter_array":["Succeeded"]},"metadata":{"operationMetadataId":"ba1de5e1-7caf-41c8-acd2-5c785dee90da"},"type":"Foreach"},"Apply_to_each_2":{"foreach":"@body('Parse_JSON')","actions":{"Set_AktionNr":{"metadata":{"operationMetadataId":"a4af5f5e-0a53-48b2-aa3a-ef4884022075"},"type":"SetVariable","inputs":{"name":"AktionNr","value":"@items('Apply_to_each_2')['AktionNr']"}},"Set_TicketNr":{"runAfter":{"Set_AktionNr":["Succeeded"]},"metadata":{"operationMetadataId":"7f9e8e29-f7e3-4191-8aa7-7a14cc00759d"},"type":"SetVariable","inputs":{"name":"TicketNr","value":"@items('Apply_to_each_2')['TicketNr']"}}},"runAfter":{"Parse_JSON":["Succeeded"]},"metadata":{"operationMetadataId":"9a26f9ea-5545-4324-a30d-767197f3d3ec"},"type":"Foreach"},"HTTP_Text_für_Antwort_Mail":{"runAfter":{"Apply_to_each":["Succeeded"]},"metadata":{"operationMetadataId":"02a6f450-c708-4c20-9a19-c2877303d5d5"},"type":"Http","inputs":{"uri":"@{variables('URL')}/mgwebrequester.dll?appname=flowrequester&prgname=requesterAPI&arguments=-Auser,-Agetaktionmailtext","method":"POST","headers":{"UID":"@{variables('UID')}","APPID":"sfm","Secret":"@{variables('Secret')}"},"body":[{"HotlineNr":"@variables('TicketNr')","AktionNr":"@variables('AktionNr')"}]},"runtimeConfiguration":{"contentTransfer":{"transferMode":"Chunked"}}},"Reply_Antwort_auf_Ticketanlage":{"runAfter":{"Switch":["Succeeded"]},"metadata":{"operationMetadataId":"42cded27-ae49-4aa7-b0c3-817f1dd0089a"},"type":"OpenApiConnection","inputs":{"parameters":{"messageId":"@triggerOutputs()?['body/id']","replyParameters/Body":"<p>@{uriComponentToString(replace(uriComponent(body('HTTP_Text_für_Antwort_Mail')),'%0A','<br>'))}</p>"},"host":{"apiId":"/providers/Microsoft.PowerApps/apis/shared_office365","connectionName":"shared_office365_1","operationId":"ReplyToV3"},"authentication":"@parameters('$authentication')"}},"Switch":{"runAfter":{"HTTP_Text_für_Antwort_Mail":["Succeeded"]},"cases":{"Case":{"case":1,"actions":{"Set_Mailtext_(HTML)":{"metadata":{"operationMetadataId":"0adfa64c-171e-492d-8539-84d61cbee9db"},"type":"SetVariable","inputs":{"name":"Mailtext","value":"@{replace(body('HTTP_Text_für_Antwort_Mail'),'%0A','%0D%0A')}"}}}},"Case_2":{"case":0,"actions":{"Set_Mailtext_(Text)":{"metadata":{"operationMetadataId":"907c6a0d-9fcb-4f9a-a82b-c83006af4e7b"},"type":"SetVariable","inputs":{"name":"Mailtext","value":"@{body('HTTP_Text_für_Antwort_Mail')}"}}}}},"default":{"actions":{"Set_variable_4":{"metadata":{"operationMetadataId":"f14efa62-a8c8-4b6e-9b3d-ce5d0e7c0e95"},"type":"SetVariable","inputs":{"name":"Mailtext","value":"@{body('HTTP_Text_für_Antwort_Mail')}"}}}},"expression":"@outputs('WennHTMLDann1')","metadata":{"operationMetadataId":"e06b79cf-f547-4b68-9302-cd9d301efb4b"},"type":"Switch"},"WennHTMLDann1":{"metadata":{"operationMetadataId":"05aa5c4e-ebcd-435b-8d37-90e39ddf6f7a"},"type":"Compose","inputs":"@if(triggerOutputs()?['body/isHtml'],1,0)"},"Switch_2":{"runAfter":{"WennHTMLDann1":["Succeeded"]},"cases":{"Case-1":{"case":1,"actions":{"Html_to_text":{"metadata":{"operationMetadataId":"bb9f0053-c07c-4d9e-b66e-aac5d448c977"},"type":"OpenApiConnection","inputs":{"parameters":{"Content":"<p>@{triggerOutputs()?['body/body']}</p>"},"host":{"apiId":"/providers/Microsoft.PowerApps/apis/shared_conversionservice","connectionName":"shared_conversionservice","operationId":"HtmlToText"},"authentication":"@parameters('$authentication')"}},"CRLF_einfügen":{"runAfter":{"Html_to_text":["Succeeded"]},"metadata":{"operationMetadataId":"dd5c9062-d77f-4dda-822f-2697a82982d1"},"type":"Compose","inputs":"@uriComponentToString(replace(uriComponent(outputs('Html_to_text')?['body'] ), '%0A', '%0D%0A'))"},"Set_Fehlertext_(HTML)":{"runAfter":{"CRLF_einfügen":["Succeeded"]},"metadata":{"operationMetadataId":"04c9a1eb-0620-4fc2-b74f-9e34693861d0"},"type":"SetVariable","inputs":{"name":"FehlerText","value":"@{outputs('CRLF_einfügen')}"}}}},"Case_2-1":{"case":0,"actions":{"Set_Fehlertext_(Text)":{"metadata":{"operationMetadataId":"ed02304c-1d05-4997-a17e-7b11825c1526"},"type":"SetVariable","inputs":{"name":"FehlerText","value":"@triggerOutputs()?['body/body']"}}}}},"default":{"actions":{}},"expression":"@outputs('WennHTMLDann1')","metadata":{"operationMetadataId":"24013523-c9db-4786-bc61-c62f98d1a824"},"type":"Switch"}}},"expression":{"equals":["@or(equals(variables('KDNR'),0),equals(variables('IDNR'),0))","True"]},"metadata":{"operationMetadataId":"b5f62d44-caf9-4b4c-aa49-951f7aa16198"},"type":"If"}}},"expression":{"less":["@length(outputs('splitBy#'))",3]},"metadata":{"operationMetadataId":"5448df67-07d0-4469-b52a-b130e97e0c7f"},"type":"If"}}},"expression":{"equals":["@outputs('GetIndexOf@@')",1]},"metadata":{"operationMetadataId":"a5d0962d-a4c6-4f1d-93f1-fd0003f989a5"},"type":"If"}},"runAfter":{"GetIndexOfSuffix":["Succeeded"]},"else":{"actions":{"SubString_ab_Prefix":{"type":"Compose","inputs":"@substring (triggerOutputs()?['body/body'], add(outputs('GetIndexOfPrefix'),1), sub(outputs('GetIndexOfSuffix'),add(outputs('GetIndexOfPrefix'),3)))"},"Switch_1":{"runAfter":{"WennHTMLDann1_2":["Succeeded"]},"cases":{"Case_HTML=1":{"case":1,"actions":{"Html_to_text_copy":{"metadata":{"operationMetadataId":"bb9f0053-c07c-4d9e-b66e-aac5d448c977"},"type":"OpenApiConnection","inputs":{"parameters":{"Content":"<p>@{triggerOutputs()?['body/body']}</p>"},"host":{"apiId":"/providers/Microsoft.PowerApps/apis/shared_conversionservice","connectionName":"shared_conversionservice","operationId":"HtmlToText"},"authentication":"@parameters('$authentication')"}},"CRLF_einfügen_copy":{"runAfter":{"Html_to_text_copy":["Succeeded"]},"metadata":{"operationMetadataId":"dd5c9062-d77f-4dda-822f-2697a82982d1"},"type":"Compose","inputs":"@uriComponentToString(replace(uriComponent(outputs('Html_to_text_copy')?['body'] ), '%0A', '%0D%0A'))"},"Set_Fehlertext_(HTML)_copy":{"runAfter":{"CRLF_einfügen_copy":["Succeeded"]},"metadata":{"operationMetadataId":"04c9a1eb-0620-4fc2-b74f-9e34693861d0"},"type":"SetVariable","inputs":{"name":"FehlerText","value":"@{outputs('CRLF_einfügen_copy')}"}}}},"Case_HTML=0":{"case":0,"actions":{"Set_Fehlertext_(Text)_copy":{"metadata":{"operationMetadataId":"ed02304c-1d05-4997-a17e-7b11825c1526"},"type":"SetVariable","inputs":{"name":"FehlerText","value":"@triggerOutputs()?['body/body']"}}}}},"default":{"actions":{}},"expression":"@outputs('WennHTMLDann1_2')","type":"Switch"},"WennHTMLDann1_2":{"runAfter":{"SubString_ab_Prefix":["Succeeded"]},"type":"Compose","inputs":"@if(triggerOutputs()?['body/isHtml'],1,0)"},"Filter_array_Anhaenge":{"runAfter":{"Switch_1":["Succeeded"]},"metadata":{"operationMetadataId":"7c80f1c7-ad1f-4a3e-86ea-9c13584de0c5"},"type":"Query","inputs":{"from":"@triggerOutputs()?['body/attachments']","where":"@greater('Filename', '\"\"')"}},"For_each_2":{"foreach":"@outputs('Filter_array_Anhaenge')?['body']","actions":{"GetFilename2":{"type":"Compose","inputs":"@items('For_each_2')?['name']"},"Set_variable_AnhFilename":{"runAfter":{"GetFilename2":["Succeeded"]},"type":"SetVariable","inputs":{"name":"AnhFilename","value":"@{outputs('GetFilename2')}"}},"GetContent":{"runAfter":{"Set_variable_AnhFilename":["Succeeded"]},"type":"Compose","inputs":"@items('For_each_2')?['contentBytes']"},"HTTP_AnhaengeSpeichern":{"runAfter":{"GetContent":["Succeeded"]},"type":"Http","inputs":{"uri":"@{variables('URL')}/mgwebrequester.dll?appname=flowrequester&prgname=requesterAPI&arguments=-Auser,-Asaveticketemail","method":"POST","headers":{"UID":"@{variables('UID')}","APPID":"sfm","Secret":"@{variables('Secret')}","TicketNr":"@{outputs('SubString_ab_Prefix')}","AktionNr":"@{variables('AktionNr')}","Filename":"@{variables('AnhFilename')}"},"body":"@outputs('GetContent')"},"runtimeConfiguration":{"contentTransfer":{"transferMode":"Chunked"}}}},"runAfter":{"Apply_to_each_1":["Succeeded"]},"type":"Foreach"},"Append_to_array_TicketJson":{"runAfter":{"Filter_array_Anhaenge":["Succeeded"]},"type":"AppendToArrayVariable","inputs":{"name":"TicketJSON","value":{"MAILID":"@{triggerOutputs()?['body/id']}","TicketNrAusMail":"@int(outputs('SubString_ab_Prefix'))","MailBodyText":"@{variables('FehlerText')}"}}},"HTTP_TicketAktion":{"runAfter":{"Append_to_array_TicketJson":["Succeeded"]},"type":"Http","inputs":{"uri":"@{variables('URL')}/mgwebrequester.dll?appname=FlowRequester&prgname=requesterAPI&arguments=-Auser,-Asetticketaktionm","method":"POST","headers":{"UID":"@{variables('UID')}","APPID":"sfm","Secret":"@{variables('Secret')}","ContentType":"application/json"},"body":"@variables('TicketJSON')"},"runtimeConfiguration":{"contentTransfer":{"transferMode":"Chunked"}}},"Parse_JSON_NeueAktion":{"runAfter":{"HTTP_TicketAktion":["Succeeded"]},"metadata":{"operationMetadataId":"d9f0a134-8ab9-4da5-8da9-da69336318da"},"type":"ParseJson","inputs":{"content":"@body('HTTP_TicketAktion')","schema":{"type":"array","items":{"type":"object","properties":{"TicketNr":{"type":"integer"},"AktionNr":{"type":"integer"}},"required":["TicketNr","AktionNr"]}}}},"Apply_to_each_1":{"foreach":"@body('Parse_JSON_NeueAktion')","actions":{"Set_AktionNr_2":{"type":"SetVariable","inputs":{"name":"AktionNr","value":"@items('Apply_to_each_1')['AktionNr']"}}},"runAfter":{"Parse_JSON_NeueAktion":["Succeeded"]},"type":"Foreach"},"HTTP_Text_für_Antwort_Mail_NeueInfo":{"runAfter":{"For_each_2":["Succeeded"]},"metadata":{"operationMetadataId":"02a6f450-c708-4c20-9a19-c2877303d5d5"},"type":"Http","inputs":{"uri":"@{variables('URL')}/mgwebrequester.dll?appname=flowrequester&prgname=requesterAPI&arguments=-Auser,-Agetaktionmailtext","method":"POST","headers":{"UID":"@{variables('UID')}","APPID":"sfm","Secret":"@{variables('Secret')}"},"body":[{"HotlineNr":"@variables('TicketNr')","AktionNr":"@variables('AktionNr')"}]},"runtimeConfiguration":{"contentTransfer":{"transferMode":"Chunked"}}},"Switch_3":{"runAfter":{"HTTP_Text_für_Antwort_Mail_NeueInfo":["Succeeded"]},"cases":{"Case_Wenn_html=1":{"case":1,"actions":{"Set_Mailtext_(HTML)_copy":{"metadata":{"operationMetadataId":"0adfa64c-171e-492d-8539-84d61cbee9db"},"type":"SetVariable","inputs":{"name":"Mailtext","value":"@{replace(body('HTTP_Text_für_Antwort_Mail_NeueInfo'),'%0A','%0D%0A')}"}}}},"Case_Wenn_html=0":{"case":0,"actions":{"Set_Mailtext_(Text)_copy":{"metadata":{"operationMetadataId":"907c6a0d-9fcb-4f9a-a82b-c83006af4e7b"},"type":"SetVariable","inputs":{"name":"Mailtext","value":"@{body('HTTP_Text_für_Antwort_Mail_NeueInfo')}"}}}}},"default":{"actions":{"Set_Mailtext_(Text)_copy_copy":{"metadata":{"operationMetadataId":"907c6a0d-9fcb-4f9a-a82b-c83006af4e7b"},"type":"SetVariable","inputs":{"name":"Mailtext","value":"@{body('HTTP_Text_für_Antwort_Mail_NeueInfo')}"}}}},"expression":"@outputs('WennHTMLDann1_2')","type":"Switch"},"Reply_Antwort_auf_neue_Info":{"runAfter":{"Switch_3":["Succeeded"]},"metadata":{"operationMetadataId":"42cded27-ae49-4aa7-b0c3-817f1dd0089a"},"type":"OpenApiConnection","inputs":{"parameters":{"messageId":"@triggerOutputs()?['body/id']","replyParameters/Body":"<p>@{uriComponentToString(replace(uriComponent(body('HTTP_Text_für_Antwort_Mail_NeueInfo')),'%0A','<br>'))}</p>"},"host":{"apiId":"/providers/Microsoft.PowerApps/apis/shared_office365","connectionName":"shared_office365_1","operationId":"ReplyToV3"},"authentication":"@parameters('$authentication')"}}}},"expression":{"or":[{"equals":["@outputs('GetIndexOfPrefix')",1]},{"equals":["@outputs('GetIndexOfSuffix')",1]}]},"type":"If"},"Initialize_UID":{"runAfter":{"Initialize_URL":["Succeeded"]},"type":"InitializeVariable","inputs":{"variables":[{"name":"UID","type":"string","value":"f45382a5-c10d-49d2-b61a-5d7bfdbe160e"}]}},"Initialize_Secret":{"runAfter":{"Initialize_UID":["Succeeded"]},"type":"InitializeVariable","inputs":{"variables":[{"name":"Secret","type":"string","value":"secret"}]}}}},"connectionReferences":{"shared_office365_1":{"connectionName":"shared-office365-3d1373d5-8258-4a58-bee2-013d07b6a593","source":"Embedded","id":"/providers/Microsoft.PowerApps/apis/shared_office365","tier":"NotSpecified"},"shared_conversionservice":{"connectionName":"shared-conversionser-8e563de1-0425-40bd-a9c4-eca66b4b63c0","source":"Embedded","id":"/providers/Microsoft.PowerApps/apis/shared_conversionservice","tier":"NotSpecified"}},"flowFailureAlertSubscribed":false,"isManaged":false}}